manufacturer,ship_name,canonical_id,source_entity_class,rsi_image_url,coverage_status,match_method,notes
Aegis,Avenger Titan,avenger-titan-imported,AEGS_Avenger_Titan,"https://robertsspaceindustries.com/i/1f89e0b864e04b347a0a60026b5aa0ab4c558c5e/resize(910,512,cover,ADdPNihJzmPbNuTnFsH1DqUeqBRpXdSXVVtgJTyDDgscGKrzJuoFjResivggYNE4eG6QvxjvFyCFYpGdCAjcE8FWN)/source.webp",REGISTRY,EXACT_NAME,
Aegis,Eclipse,eclipse-imported,AEGS_Eclipse,"https://robertsspaceindustries.com/i/26b4339b2c3abfe986b38bcdb6f3394573891b8e/resize(1820,1024,cover,ADdPNihJzmPbNuTnFsH1DqUeqBRpXdSXVVtgJTyDDgscGKrzJuoFjResj1s8gewpqUNmaY5rDCxpDUA1NhMoiVrHt)/source.webp",REGISTRY,EXACT_NAME,
Aegis,Gladius,gladius-imported,AEGS_Gladius,"https://robertsspaceindustries.com/i/60415cc9954828896ce4495b34885d7e3a6951d9/resize(1820,1024,cover,ADdPNihJzmPbNuTnFsH1DqUeqBRpXdSXVVtgJTyDDgscGKrzJuoFjResieuRXVexPTjwdpMHEWo3saH7q2zcqCJWS)/source.webp",REGISTRY,EXACT_NAME,
Aegis Dynamics,Aegis Avenger Stalker,AEGS_Avenger_Stalker,AEGS_Avenger_Stalker,"https://robertsspaceindustries.com/i/8ab3b1c7958533adba5898cbe2c26ec32a29d3d5/resize(910,512,cover,ADdPNihJzmPbNuTnFsH1DqUeqBRpXdSXVVtgJTyDDgscGKrzJuoFjReseTiozZrGUkBP1KS3PKvYPfJfezfDBTyiE)/source.webp",REGISTRY,NORMALIZED_NAME,
Aegis Dynamics,Aegis Avenger Titan Renegade,AEGS_Avenger_Titan_Renegade,AEGS_Avenger_Titan_Renegade,"https://robertsspaceindustries.com/i/25d4100099aa5f87bb7b36e06056bc4861ab28b8/resize(1820,1024,cover,ADdPNihJzmPbNuTnFsH1DqUeqBRpXdSXVVtgJTyDDgscGKrzJuoFjResjvbX7PuKjrhqxjGg8vwDFs77Wp7ieLKNv)/source.webp",REGISTRY,NORMALIZED_NAME,
Aegis Dynamics,Aegis Avenger Warlock,AEGS_Avenger_Warlock,AEGS_Avenger_Warlock,"https://robertsspaceindustries.com/i/b93bc9789afd0d3c79061582aeeb15fe84f6851e/resize(1820,1024,cover,ADdPNihJzmPbNuTnFsH1DqUeqBRpXdSXVVtgJTyDDgscGKrzJuoFjResjdrHki5t8uUHTq8X74sN2QBB2BhVkJE8e)/source.webp",REGISTRY,NORMALIZED_NAME,
Aegis Dynamics,Aegis Gladius Dunlevy,AEGS_Gladius_Dunlevy,AEGS_Gladius_Dunlevy,,FALLBACK,UNMATCHED,
Aegis Dynamics,Aegis Gladius Pirate,AEGS_Gladius_PIR,AEGS_Gladius_PIR,"https://robertsspaceindustries.com/i/b7e20a5d03590510387a8c49d09c7846c0265866/resize(1820,1024,cover,ADdPNihJzmPbNuTnFsH1DqUeqBRpXdSXVVtgJTyDDgscGKrzJuoFjResf15Krw6hXmbxWongmJxbMoKnJGMHJtPtz)/source.webp",REGISTRY,NORMALIZED_NAME,
Aegis Dynamics,Aegis Gladius Valiant,AEGS_Gladius_Valiant,AEGS_Gladius_Valiant,"https://robertsspaceindustries.com/i/536842fae187ad4bf028eb9f912db297e41c917a/resize(1820,1024,cover,ADdPNihJzmPbNuTnFsH1DqUeqBRpXdSXVVtgJTyDDgscGKrzJuoFjResjHxYqZhkCGAu3JFrXyZrgxc2yximhqvWa)/source.webp",REGISTRY,NORMALIZED_NAME,
Aegis Dynamics,Aegis Hammerhead,AEGS_Hammerhead,AEGS_Hammerhead,"https://robertsspaceindustries.com/i/2d1133694e11b92d0b4d3bc89887c2ce3c5dc403/resize(1820,1024,cover,ADdPNihJzmPbNuTnFsH1DqUeqBRpXdSXVVtgJTyDDgscGKrzJuoFjReskw8pF3smytMEoihUHnd7hNxebuVtB4znz)/source.webp",REGISTRY,NORMALIZED_NAME,
Aegis Dynamics,Aegis Hammerhead 2949 Best In Show Edition,AEGS_Hammerhead_Showdown,AEGS_Hammerhead_Showdown,,FALLBACK,UNMATCHED,
Aegis Dynamics,Aegis Idris-M,AEGS_Idris_M,AEGS_Idris_M,"https://robertsspaceindustries.com/i/e2ecd14ea7c53b404982a902d8fbca0e3020833c/resize(1820,1024,cover,hgjbks2vRxvijgZCkcudyey3yf2YnBqfanX6U636vzzNeeFdx43A2FpAZ49bpw6FiNoWgDAsBUvHcwx6yVRbszrCgE)/source.webp",REGISTRY,NORMALIZED_NAME,
Aegis Dynamics,Aegis Idris-P,AEGS_Idris_P,AEGS_Idris_P,"https://robertsspaceindustries.com/i/6e168e351f1e7634bec6f35fb73dca2d8b4ca900/resize(1820,1024,cover,ADdPNihJzmPbNuTnFsH1DqUeqBRpXdSXVVtgJTyDDgscGKrzJuoFjReskqY6z7TSDPHadnqPCeZCNtvaR4zHv7pkE)/source.webp",REGISTRY,NORMALIZED_NAME,
Aegis Dynamics,Aegis Idris-P Wikelo War Special,AEGS_Idris_P_Collector_Military,AEGS_Idris_P_Collector_Military,,FALLBACK,UNMATCHED,
Aegis Dynamics,Aegis Javelin,AEGS_Javelin,AEGS_Javelin,,FALLBACK,UNMATCHED,
Aegis Dynamics,Aegis Reclaimer,AEGS_Reclaimer,AEGS_Reclaimer,"https://robertsspaceindustries.com/i/968b9b8cae35fba622a5356ee403a3db70f69db1/resize(1820,1024,cover,ADdPNihJzmPbNuTnFsH1DqUeqBRpXdSXVVtgJTyDDgscGKrzJuoFjResjkHit9pz2hMMvi7EmNgpfzTX1oMBWhjF4)/source.webp",REGISTRY,NORMALIZED_NAME,
Aegis Dynamics,Aegis Reclaimer 2949 Best In Show Edition,AEGS_Reclaimer_Showdown,AEGS_Reclaimer_Showdown,,FALLBACK,UNMATCHED,
Aegis Dynamics,Aegis Redeemer,AEGS_Redeemer,AEGS_Redeemer,"https://robertsspaceindustries.com/i/fe03b51830cefdc04ea512f9b6887837d02a52a6/resize(1820,1024,cover,hgjbks2vRxvijgZCkcudyey3yf2YnBqfanX6U636vzzNeeFdx43A2FpAtr4dce6zL9JH9YZyXwhA4VkD1n3fdHWi5t)/source.webp",REGISTRY,NORMALIZED_NAME,
Aegis Dynamics,Aegis Retaliator,AEGS_Retaliator,AEGS_Retaliator,"https://robertsspaceindustries.com/i/e144fa008ee25e0596a003a9a70815877984e0c9/resize(1820,1024,cover,ADdPNihJzmPbNuTnFsH1DqUeqBRpXdSXVVtgJTyDDgscGKrzJuoFjReseMCHaZWGgAoXcaPG6EHiCXgT3ckecDpQe)/source.webp",REGISTRY,NORMALIZED_NAME,
Aegis Dynamics,Aegis Sabre,AEGS_Sabre,AEGS_Sabre,"https://robertsspaceindustries.com/i/e780fce7b5bc3aef5d54ae873d1ae4ddbdadbbf6/resize(1820,1024,cover,hgjbks2vRxvijgZCkcudyey3yf2YnBqfanX6U636vzzNeeFdx43A2FpAZ7nnvLVtpHFMFWL7o7nMwTrRFj5ZVqWmvn)/source.webp",REGISTRY,NORMALIZED_NAME,
Aegis Dynamics,Aegis Sabre Comet,AEGS_Sabre_Comet,AEGS_Sabre_Comet,"https://robertsspaceindustries.com/i/e0ba58229607b2f143a3413a60a115b37f154bda/resize(1820,1024,cover,ADdPNihJzmPbNuTnFsH1DqUeqBRpXdSXVVtgJTyDDgscGKrzJuoFjResejaqZiWqzJk1v9rhSh93faaUuRM5WPM98)/source.webp",REGISTRY,NORMALIZED_NAME,
Aegis Dynamics,Aegis Sabre Firebird,AEGS_Sabre_Firebird,AEGS_Sabre_Firebird,"https://robertsspaceindustries.com/i/c8b1528bc54295f637a01cdefed3c0636abb3760/resize(1820,1024,cover,ADdPNihJzmPbNuTnFsH1DqUeqBRpXdSXVVtgJTyDDgscGKrzJuoFjResjUDiEYSBALs6yedyxGzGSVc2cmH9NMTQS)/source.webp",REGISTRY,NORMALIZED_NAME,
Aegis Dynamics,Aegis Sabre Peregrine,AEGS_Sabre_Peregrine,AEGS_Sabre_Peregrine,"https://robertsspaceindustries.com/i/ab19d87116cec68ccd59e321cf45e26c5de1e0ae/resize(1820,1024,cover,ADdPNihJzmPbNuTnFsH1DqUeqBRpXdSXVVtgJTyDDgscGKrzJuoFjResf1BKnZCNwtwtiEVV4sdSVRU8ypLsXQNGN)/source.webp",REGISTRY,NORMALIZED_NAME,
Aegis Dynamics,Aegis Sabre Raven,AEGS_Sabre_Raven,AEGS_Sabre_Raven,"https://robertsspaceindustries.com/i/738cdf85d3ba335a9eb36f68bfcba3ab285bdb65/resize(1820,1024,cover,ADdPNihJzmPbNuTnFsH1DqUeqBRpXdSXVVtgJTyDDgscGKrzJuoFjReskj9tqz5VHxzzGrtiDrYNzZN8B6WcAmTHG)/source.webp",REGISTRY,NORMALIZED_NAME,
Aegis Dynamics,Aegis Tiburon,AEGS_Tiburon,AEGS_Tiburon,"https://robertsspaceindustries.com/i/5034074196874f129f3ff25d93d39d678b8de317/resize(1820,1024,cover,ADdPNihJzmPbNuTnFsH1DqUeqBRpXdSXVVtgJTyDDgscGKrzJuoFjReskqmGWrWP9M7s4Xy6L8YgJQs18r4iARWYW)/source.webp",REGISTRY,NORMALIZED_NAME,
Aegis Dynamics,Aegis Vanguard Harbinger,AEGS_Vanguard_Harbinger,AEGS_Vanguard_Harbinger,"https://robertsspaceindustries.com/i/5827d64995a2ea3f3e1418641f5570b8a1043612/resize(1820,1024,cover,ADdPNihJzmPbNuTnFsH1DqUeqBRpXdSXVVtgJTyDDgscGKrzJuoFjResj1xF7q7jf7jd79bnxNkSizmEWjeHmN7wC)/source.webp",REGISTRY,NORMALIZED_NAME,
Aegis Dynamics,Aegis Vanguard Hoplite,AEGS_Vanguard_Hoplite,AEGS_Vanguard_Hoplite,"https://robertsspaceindustries.com/i/ddf87a3557d7974de14f100d5290431cc52f23f7/resize(1820,1024,cover,ADdPNihJzmPbNuTnFsH1DqUeqBRpXdSXVVtgJTyDDgscGKrzJuoFjReskMz76vuAhBK7HF2Vi7XtMGa1Y7NERvKjt)/source.webp",REGISTRY,NORMALIZED_NAME,
Aegis Dynamics,Aegis Vanguard Sentinel,AEGS_Vanguard_Sentinel,AEGS_Vanguard_Sentinel,"https://robertsspaceindustries.com/i/7cfa103b8d285fe680502316fdb6684a208e87a2/resize(1820,1024,cover,ADdPNihJzmPbNuTnFsH1DqUeqBRpXdSXVVtgJTyDDgscGKrzJuoFjReskTR6eaJfWreJS6tkpbG1L52GU8WeW2bfk)/source.webp",REGISTRY,NORMALIZED_NAME,
Aegis Dynamics,Aegis Vanguard Warden,AEGS_Vanguard,AEGS_Vanguard,"https://robertsspaceindustries.com/i/9e22a6d48ab6e41700b03715bdff21f3944596f3/resize(1820,1024,cover,ADdPNihJzmPbNuTnFsH1DqUeqBRpXdSXVVtgJTyDDgscGKrzJuoFjReskkCoaQ3hcYZfVfuw4ru7sC7dzNvKsbGXG)/source.webp",REGISTRY,NORMALIZED_NAME,
Anvil,F7C-S Hornet Ghost Mk II,ghost,ghost,"https://robertsspaceindustries.com/i/5bd5643f5e6da6ee50f799fc5dcbe7e5e752a7cb/resize(1820,1024,cover,ADdPNihJzmPbNuTnFsH1DqUeqBRpXdSXVVtgJTyDDgscGKrzJuoFjReskP9BJt5yvdnBYhrcDfrunYJdqg3dVC6yC)/source.webp",REGISTRY,EXACT_NAME,
Anvil,Valkyrie,valkyrie-imported,ANVL_Valkyrie,"https://robertsspaceindustries.com/i/33c4ee2869dcf9490841df1d6968eed5d94ef5f9/resize(1820,1024,cover,ADdPNihJzmPbNuTnFsH1DqUeqBRpXdSXVVtgJTyDDgscGKrzJuoFjReskqctMmTYuX6sFTZyNbv2gpmbPFTbA9Sna)/source.webp",REGISTRY,EXACT_NAME,
Anvil Aerospace,Anvil Arrow,ANVL_Arrow,ANVL_Arrow,"https://robertsspaceindustries.com/i/9861febc81cadf49dfe3010d59d270f64385c6b6/resize(910,512,cover,ADdPNihJzmPbNuTnFsH1DqUeqBRpXdSXVVtgJTyDDgscGKrzJuoFjResjUCY424inopgLKcxbZLVecByFWiDge1gS)/source.webp",REGISTRY,NORMALIZED_NAME,
Anvil Aerospace,Anvil Asgard,ANVL_Asgard,ANVL_Asgard,"https://robertsspaceindustries.com/i/5c0b5f9604975d406c9c80c8facbad95ee5a0328/resize(1820,1024,cover,ADdPNihJzmPbNuTnFsH1DqUeqBRpXdSXVVtgJTyDDgscGKrzJuoFjResjHqQ7nzeWKNJC9PZ799uzA3LV8x15ssJv)/source.webp",REGISTRY,NORMALIZED_NAME,
Anvil Aerospace,Anvil Asgard Wikelo War Special,ANVL_Asgard_Collector_Military,ANVL_Asgard_Collector_Military,,FALLBACK,UNMATCHED,
Anvil Aerospace,Anvil Ballista,ANVL_Ballista,ANVL_Ballista,"https://robertsspaceindustries.com/i/59380523fbb44b1043c4fc6b8a8e759126426dab/resize(910,512,cover,ADdPNihJzmPbNuTnFsH1DqUeqBRpXdSXVVtgJTyDDgscGKrzJuoFjResj76XQUHMro7sbhMTSrhqtrQngyMgUY8aA)/source.webp",REGISTRY,NORMALIZED_NAME,
Anvil Aerospace,Anvil Ballista Dunestalker,ANVL_Ballista_Dunestalker,ANVL_Ballista_Dunestalker,"https://robertsspaceindustries.com/i/b6fafae5fe1697a5f3d63e7bcf02dea92d0b9580/resize(1820,1024,cover,ADdPNihJzmPbNuTnFsH1DqUeqBRpXdSXVVtgJTyDDgscGKrzJuoFjResepggfGANFwtEiekpujA3ovgLW8UYAZKjk)/source.webp",REGISTRY,NORMALIZED_NAME,
Anvil Aerospace,Anvil Ballista Snowblind,ANVL_Ballista_Snowblind,ANVL_Ballista_Snowblind,"https://robertsspaceindustries.com/i/42b74db93a9d6c96407a15009a7f59c5f6faa6b6/resize(1820,1024,cover,ADdPNihJzmPbNuTnFsH1DqUeqBRpXdSXVVtgJTyDDgscGKrzJuoFjReseukDF2naM9B1uvYiDLtHy9cckjh49ysQA)/source.webp",REGISTRY,NORMALIZED_NAME,
Anvil Aerospace,Anvil C8 Pisces,ANVL_C8_Pisces,ANVL_C8_Pisces,"https://robertsspaceindustries.com/i/9b1cff335e849bd1e463a1c8dcf28ec24fcb2fab/resize(1820,1024,cover,ADdPNihJzmPbNuTnFsH1DqUeqBRpXdSXVVtgJTyDDgscGKrzJuoFjResf1XNoTVqU1sjNSW7iPXBbXMdQEtc1QnwY)/source.webp",REGISTRY,NORMALIZED_NAME,
Anvil Aerospace,Anvil C8R Pisces Rescue,ANVL_C8R_Pisces,ANVL_C8R_Pisces,"https://robertsspaceindustries.com/i/33e033b9d65161a39ee2ed496c9ac2771427231e/resize(1820,1024,cover,ADdPNihJzmPbNuTnFsH1DqUeqBRpXdSXVVtgJTyDDgscGKrzJuoFjResjYUpdwY9hHjEgqpaExZb84z9p1hR5FWNa)/source.webp",REGISTRY,NORMALIZED_NAME,
Anvil Aerospace,Anvil C8X Pisces Expedition,ANVL_C8X_Pisces_Expedition,ANVL_C8X_Pisces_Expedition,"https://robertsspaceindustries.com/i/69de38cb76d9cf625fa4ec27ba9bf741e6598e32/resize(1820,1024,cover,ADdPNihJzmPbNuTnFsH1DqUeqBRpXdSXVVtgJTyDDgscGKrzJuoFjResjZbCSUWdnfpmEffJvwzU9skusSz6GzjN6)/source.webp",REGISTRY,NORMALIZED_NAME,
Anvil Aerospace,Anvil Carrack,ANVL_Carrack,ANVL_Carrack,"https://robertsspaceindustries.com/i/5a176dc57589f18effd841146ef5a37e88892aee/resize(1820,1024,cover,ADdPNihJzmPbNuTnFsH1DqUeqBRpXdSXVVtgJTyDDgscGKrzJuoFjResijpd9a1QppWGLqGr3g6nG4GJrw2mPpW4n)/source.webp",REGISTRY,NORMALIZED_NAME,
Anvil Aerospace,Anvil Carrack Expedition,ANVL_Carrack_Expedition,ANVL_Carrack_Expedition,"https://robertsspaceindustries.com/i/9758689a17eb21a85421ebe1747bc2e330615d33/resize(1820,1024,cover,ADdPNihJzmPbNuTnFsH1DqUeqBRpXdSXVVtgJTyDDgscGKrzJuoFjResjCZuJSam4DYUukYVVwnHutdWNoyhkiTan)/source.webp",REGISTRY,NORMALIZED_NAME,
Anvil Aerospace,Anvil Centurion,ANVL_Centurion,ANVL_Centurion,"https://robertsspaceindustries.com/i/a4a0559e83591728407a892cd21076bfc8982d88/resize(1820,1024,cover,ADdPNihJzmPbNuTnFsH1DqUeqBRpXdSXVVtgJTyDDgscGKrzJuoFjReskZee9JyWzsJsLzWu91ohmowddjhZycyVx)/source.webp",REGISTRY,NORMALIZED_NAME,
Anvil Aerospace,Anvil F7 Hornet Mk Wikelo,ANVL_Hornet_F7_Mk2_Collector_Mod,ANVL_Hornet_F7_Mk2_Collector_Mod,,FALLBACK,UNMATCHED,
Anvil Aerospace,Anvil F7A Hornet Mk I,ANVL_Hornet_F7A_Mk1,ANVL_Hornet_F7A_Mk1,"https://robertsspaceindustries.com/i/f15e5590de4a42e91d0420c0fd35ac9c2ddd1284/resize(1820,1024,cover,ADdPNihJzmPbNuTnFsH1DqUeqBRpXdSXVVtgJTyDDgscGKrzJuoFjReskkAdsM4dYUGutPpApkPRWMrv52kvU1drn)/source.webp",REGISTRY,NORMALIZED_NAME,
Anvil Aerospace,Anvil F7A Hornet Mk II,ANVL_Hornet_F7A_Mk2,ANVL_Hornet_F7A_Mk2,"https://robertsspaceindustries.com/i/ad0b2e0535e7eda9930c02e5e6338662bf417587/resize(1820,1024,cover,ADdPNihJzmPbNuTnFsH1DqUeqBRpXdSXVVtgJTyDDgscGKrzJuoFjResj6zVVifHuf91B5XFQeSL3dKEdS5ru95An)/source.webp",REGISTRY,NORMALIZED_NAME,
Anvil Aerospace,Anvil F7C Hornet Mk I,ANVL_Hornet_F7C,ANVL_Hornet_F7C,"https://robertsspaceindustries.com/i/d7d165311c3e267b58c8e29713b0520de4708c0f/resize(1820,1024,cover,ADdPNihJzmPbNuTnFsH1DqUeqBRpXdSXVVtgJTyDDgscGKrzJuoFjReskP3AFfH3teR68rmh57wSBzmTxzMu3g72W)/source.webp",REGISTRY,NORMALIZED_NAME,
Anvil Aerospace,Anvil F7C Hornet Mk II,ANVL_Hornet_F7C_Mk2,ANVL_Hornet_F7C_Mk2,"https://robertsspaceindustries.com/i/11898460f6c81a86b36767241e96326ebd7e300f/resize(1820,1024,cover,ADdPNihJzmPbNuTnFsH1DqUeqBRpXdSXVVtgJTyDDgscGKrzJuoFjResjHymPx8r84PH9pB8dHUfSKxtsuxz3EFJE)/source.webp",REGISTRY,NORMALIZED_NAME,
Anvil Aerospace,Anvil F7C Hornet Wildfire Mk I,ANVL_Hornet_F7C_Wildfire,ANVL_Hornet_F7C_Wildfire,"https://robertsspaceindustries.com/i/9e720b90e0d17ff716543629745c48085120ccd9/resize(1820,1024,cover,ADdPNihJzmPbNuTnFsH1DqUeqBRpXdSXVVtgJTyDDgscGKrzJuoFjReseBrnAkkqry6NTco89YXxm7fiVePXmeG14)/source.webp",REGISTRY,NORMALIZED_NAME,
Anvil Aerospace,Anvil F7C-M Hornet Heartseeker Mk I,ANVL_Hornet_F7CM_Heartseeker,ANVL_Hornet_F7CM_Heartseeker,"https://robertsspaceindustries.com/i/1aae6c5e3cd205797eda041b6dd4085032b8753d/resize(1820,1024,cover,ADdPNihJzmPbNuTnFsH1DqUeqBRpXdSXVVtgJTyDDgscGKrzJuoFjResejFhFPaJXW9eWYg4EZ3DiiLfiG1H94aZC)/source.webp",REGISTRY,NORMALIZED_NAME,
Anvil Aerospace,Anvil F7C-M Hornet Heartseeker Mk II,ANVL_Hornet_F7CM_Mk2_Heartseeker,ANVL_Hornet_F7CM_Mk2_Heartseeker,,FALLBACK,UNMATCHED,
Anvil Aerospace,Anvil F7C-M Super Hornet Mk I,ANVL_Hornet_F7CM,ANVL_Hornet_F7CM,"https://robertsspaceindustries.com/i/2bbd77da2b242dd2cc680b8dc693077b59308cf7/resize(1820,1024,cover,ADdPNihJzmPbNuTnFsH1DqUeqBRpXdSXVVtgJTyDDgscGKrzJuoFjResk22sDRRcjwtCehpyXnJhVE7ySLtuC3NMk)/source.webp",REGISTRY,NORMALIZED_NAME,
Anvil Aerospace,Anvil F7C-M Super Hornet Mk II,ANVL_Hornet_F7CM_Mk2,ANVL_Hornet_F7CM_Mk2,"https://robertsspaceindustries.com/i/aa2b3c767c2555caa89b0a0239aca9e63ef07a23/resize(1820,1024,cover,ADdPNihJzmPbNuTnFsH1DqUeqBRpXdSXVVtgJTyDDgscGKrzJuoFjResedtCVBuvj4aJo1EBhKirGcWN1xxtKGk8n)/source.webp",REGISTRY,NORMALIZED_NAME,
Anvil Aerospace,Anvil F7C-R Hornet Tracker Mk I,ANVL_Hornet_F7CR,ANVL_Hornet_F7CR,"https://robertsspaceindustries.com/i/394b0101f3512d3b7b6414a6cf0ed3949fc1586a/resize(1820,1024,cover,ADdPNihJzmPbNuTnFsH1DqUeqBRpXdSXVVtgJTyDDgscGKrzJuoFjResijzE5e7KeCMw6zgFK6GYuS3kkyJqzYiNz)/source.webp",REGISTRY,NORMALIZED_NAME,
Anvil Aerospace,Anvil F7C-R Hornet Tracker Mk II,ANVL_Hornet_F7CR_Mk2,ANVL_Hornet_F7CR_Mk2,"https://robertsspaceindustries.com/i/2198f6c499469932595835e2d8847d6196b4d891/resize(1820,1024,cover,ADdPNihJzmPbNuTnFsH1DqUeqBRpXdSXVVtgJTyDDgscGKrzJuoFjReseoZyePfkFJQygvJqE4MocwJAuyLYM1rKG)/source.webp",REGISTRY,NORMALIZED_NAME,
Anvil Aerospace,Anvil F7C-S Hornet Ghost Mk I,ANVL_Hornet_F7CS,ANVL_Hornet_F7CS,"https://robertsspaceindustries.com/i/0dcd4d70d94dfe410df8936aa36b86c0dfcd26af/resize(1820,1024,cover,ADdPNihJzmPbNuTnFsH1DqUeqBRpXdSXVVtgJTyDDgscGKrzJuoFjResjqHwXyzcPtQGAhaia7uvJdKpyzo2kq9x2)/source.webp",REGISTRY,NORMALIZED_NAME,
Anvil Aerospace,Anvil F8A Lightning,ANVL_Lightning_F8,ANVL_Lightning_F8,,FALLBACK,UNMATCHED,
Anvil Aerospace,Anvil F8C Lightning,ANVL_Lightning_F8C,ANVL_Lightning_F8C,"https://robertsspaceindustries.com/i/dbe4048cfde01b6851a2dc6b5a3403139c9aa3ef/resize(1820,1024,cover,ADdPNihJzmPbNuTnFsH1DqUeqBRpXdSXVVtgJTyDDgscGKrzJuoFjResjTEWFCBvRCcApL8QwcPy9mPPcUhEbyN9c)/source.webp",REGISTRY,NORMALIZED_NAME,
Anvil Aerospace,Anvil F8C Lightning Executive Edition,ANVL_Lightning_F8C_Exec,ANVL_Lightning_F8C_Exec,"https://robertsspaceindustries.com/i/8e770bb627baa3ab6dab4683473c7db2b769175c/resize(1820,1024,cover,ADdPNihJzmPbNuTnFsH1DqUeqBRpXdSXVVtgJTyDDgscGKrzJuoFjResj1tdKsNBxg7ivkDmyZXdWKvjJ53ZZT9jt)/source.webp",REGISTRY,NORMALIZED_NAME,
Anvil Aerospace,Anvil F8C Lightning Wikelo Sneak Special,ANVL_Lightning_F8C_Collector_Stealth,ANVL_Lightning_F8C_Collector_Stealth,,FALLBACK,UNMATCHED,
Anvil Aerospace,Anvil F8C Lightning Wikelo War Special,ANVL_Lightning_F8C_Collector_Military,ANVL_Lightning_F8C_Collector_Military,,FALLBACK,UNMATCHED,
Anvil Aerospace,Anvil Gladiator,ANVL_Gladiator,ANVL_Gladiator,"https://robertsspaceindustries.com/i/24c3aeaad34e328fac28c068188be4d2be8485ea/resize(1820,1024,cover,hgjbks2vRxvijgZCkcudyey3yf2YnBqfanX6U636vzzNeeFdx43A2FpAz62LgThdv7L26Mnnv9U1c1Ci2MqadbqDiE)/source.webp",REGISTRY,NORMALIZED_NAME,
Anvil Aerospace,Anvil Hawk,ANVL_Hawk,ANVL_Hawk,"https://robertsspaceindustries.com/i/5f4d482dbcafa31057856651b99bb9121bb2dc7b/resize(1820,1024,cover,ADdPNihJzmPbNuTnFsH1DqUeqBRpXdSXVVtgJTyDDgscGKrzJuoFjReskqofk6iAEkXWjQtqfG1dYTrB2yze2VMN6)/source.webp",REGISTRY,NORMALIZED_NAME,
Anvil Aerospace,Anvil Hurricane,ANVL_Hurricane,ANVL_Hurricane,"https://robertsspaceindustries.com/i/41d76881a5a0bb0ac3f6500a2ee18c661089f92d/resize(1820,1024,cover,ADdPNihJzmPbNuTnFsH1DqUeqBRpXdSXVVtgJTyDDgscGKrzJuoFjReskGn8CGG5chJtVrZgvDP76ztQKVMaPHKiN)/source.webp",REGISTRY,NORMALIZED_NAME,
Anvil Aerospace,Anvil Paladin,ANVL_Paladin,ANVL_Paladin,"https://robertsspaceindustries.com/i/8e8ccf69652bbd98c01d29a4028e4978919c1fee/resize(1820,1024,cover,ADdPNihJzmPbNuTnFsH1DqUeqBRpXdSXVVtgJTyDDgscGKrzJuoFjResee2dEjRP4VR3V37tM6e6iSziURZYpVtxN)/source.webp",REGISTRY,NORMALIZED_NAME,
Anvil Aerospace,Anvil Spartan,ANVL_Spartan,ANVL_Spartan,"https://robertsspaceindustries.com/i/caec1a43fe808311ca492c51002e9a3bf585393c/resize(1820,1024,cover,ADdPNihJzmPbNuTnFsH1DqUeqBRpXdSXVVtgJTyDDgscGKrzJuoFjResj1kD3WpJBNCfd4f5GV9y4U6tFzGqUJY7Q)/source.webp",REGISTRY,NORMALIZED_NAME,
Anvil Aerospace,Anvil Terrapin,ANVL_Terrapin,ANVL_Terrapin,"https://robertsspaceindustries.com/i/e226b9dfb09a0db6118b9793e84d91f7c396ce6b/resize(1820,1024,cover,ADdPNihJzmPbNuTnFsH1DqUeqBRpXdSXVVtgJTyDDgscGKrzJuoFjResipCJvtQrx1nD2gTpcswfhjvPdK8qy1NUN)/source.webp",REGISTRY,NORMALIZED_NAME,
Anvil Aerospace,Anvil Terrapin Medic,ANVL_Terrapin_Medic,ANVL_Terrapin_Medic,"https://robertsspaceindustries.com/i/aadfc2da19a89ba896cc52e26bb07bfcc1ae5189/resize(1820,1024,cover,ADdPNihJzmPbNuTnFsH1DqUeqBRpXdSXVVtgJTyDDgscGKrzJuoFjResjHj8xR4rP6MGNoTFJM2eRJvjY1XGnBt9k)/source.webp",REGISTRY,NORMALIZED_NAME,
Anvil Aerospace,Anvil Terrapin Medic Wikelo Savior Special,ANVL_Terrapin_Medic_Collector_Medic,ANVL_Terrapin_Medic_Collector_Medic,,FALLBACK,UNMATCHED,
Anvil Aerospace,Anvil Valkyrie Liberator,ANVL_Valkyrie_CitizenCon,ANVL_Valkyrie_CitizenCon,"https://robertsspaceindustries.com/i/35890a10d28f48ee48a3662fe44697fa08e17ec5/resize(1820,1024,cover,ADdPNihJzmPbNuTnFsH1DqUeqBRpXdSXVVtgJTyDDgscGKrzJuoFjResipDVsZUErD1PF6m8zJLeFU1yVUBqCgsRg)/source.webp",REGISTRY,NORMALIZED_NAME,
Aopoa,Aopoa Khartu-al,XIAN_Scout,XIAN_Scout,"https://robertsspaceindustries.com/i/ae9dcbe03c30fbba78b1b90d9933894c54cd6986/resize(1820,1024,cover,ADdPNihJzmPbNuTnFsH1DqUeqBRpXdSXVVtgJTyDDgscGKrzJuoFjReskvn8skBeKZhhvnJJ7SbDADp1YRPHK4jLS)/source.webp",REGISTRY,NORMALIZED_NAME,
Aopoa,Aopoa Nox,XIAN_Nox,XIAN_Nox,"https://robertsspaceindustries.com/i/77be8ac04eac10f2d96cbb48db56bff76a108c20/resize(1820,1024,cover,ADdPNihJzmPbNuTnFsH1DqUeqBRpXdSXVVtgJTyDDgscGKrzJuoFjResez6iKCpgqqXaiP49xWFzmKVJNb993smQJ)/source.webp",REGISTRY,NORMALIZED_NAME,
Aopoa,Aopoa Nox Kue,XIAN_Nox_Kue,XIAN_Nox_Kue,"https://robertsspaceindustries.com/i/cfedd456f47513a8d2e7229761a87a475edc2170/resize(1820,1024,cover,hgjbks2vRxvijgZCkcudyey3yf2YnBqfanX6U636vzzNeeFdx43A2FpB1h72y9eres7Js1etFpA6vxqALTAbHwWijx)/source.webp",REGISTRY,NORMALIZED_NAME,
Aopoa,Aopoa Nox Wikelo Special,XIAN_Nox_Collector_Mod,XIAN_Nox_Collector_Mod,,FALLBACK,UNMATCHED,
Aopoa,Aopoa San'tok.yāi,XNAA_SanTokYai,XNAA_SanTokYai,"https://robertsspaceindustries.com/i/07f8b3fb66e8bf1fc56eed1e889c80510960b9ef/resize(1820,1024,cover,ADdPNihJzmPbNuTnFsH1DqUeqBRpXdSXVVtgJTyDDgscGKrzJuoFjReseYxnLDbRvYcbdtzQnz5YTiGVWt6gxEs8r)/source.webp",REGISTRY,NORMALIZED_NAME,
Argo,MOLE,mole,mole,"https://robertsspaceindustries.com/i/09d0d3d126a43e1747e391213f50f1da3c39684b/resize(1820,1024,cover,ADdPNihJzmPbNuTnFsH1DqUeqBRpXdSXVVtgJTyDDgscGKrzJuoFjReskeyuh2th2hpj2ey5zJ3ucQ9vcbaskWmxA)/source.webp",REGISTRY,EXACT_NAME,
Argo Astronautics,Argo CSV-SM\n,ARGO_CSV_Cargo,ARGO_CSV_Cargo,"https://robertsspaceindustries.com/i/52a671e5dc96ac85cb77b487f4c127b521903b6c/resize(1820,1024,cover,ADdPNihJzmPbNuTnFsH1DqUeqBRpXdSXVVtgJTyDDgscGKrzJuoFjReskkEEePB5J9J5injj6dDUcvVDLgXM3kADL)/source.webp",REGISTRY,NORMALIZED_NAME,
Argo Astronautics,Argo MOTH,ARGO_MOTH,ARGO_MOTH,"https://robertsspaceindustries.com/i/727f9141d6fb066fcecc44baafade227c430a57f/resize(1820,1024,cover,ADdPNihJzmPbNuTnFsH1DqUeqBRpXdSXVVtgJTyDDgscGKrzJuoFjResizo7zmGtBQxP3GqDdxi4jhpFuvLzU2iqC)/source.webp",REGISTRY,NORMALIZED_NAME,
Argo Astronautics,Argo MPUV Cargo,ARGO_MPUV,ARGO_MPUV,"https://robertsspaceindustries.com/i/81e713f8e644c1e857f81447c80c99adb34aeb68/resize(1820,1024,cover,ADdPNihJzmPbNuTnFsH1DqUeqBRpXdSXVVtgJTyDDgscGKrzJuoFjReskqS72thXJhruiyZdkAUXoWmCbfrFo9axn)/source.webp",REGISTRY,NORMALIZED_NAME,
Argo Astronautics,Argo MPUV Personnel,ARGO_MPUV_Transport,ARGO_MPUV_Transport,"https://robertsspaceindustries.com/i/a4531abec711e22d8da468f488c9f8cea63cbe42/resize(1820,1024,cover,ADdPNihJzmPbNuTnFsH1DqUeqBRpXdSXVVtgJTyDDgscGKrzJuoFjResj1m9L4rmH61jLubjuLTYqftH8J2JTVpsQ)/source.webp",REGISTRY,NORMALIZED_NAME,
Argo Astronautics,Argo MPUV Tractor,ARGO_MPUV_1T,ARGO_MPUV_1T,"https://robertsspaceindustries.com/i/3efa976ce798a11fe92d75c28eb6e22ed863d15a/resize(1820,1024,cover,ADdPNihJzmPbNuTnFsH1DqUeqBRpXdSXVVtgJTyDDgscGKrzJuoFjReskqfGEtBqch5Ac8LmFbX21URShPfQgHAna)/source.webp",REGISTRY,NORMALIZED_NAME,
Argo Astronautics,Argo RAFT,ARGO_RAFT,ARGO_RAFT,"https://robertsspaceindustries.com/i/331d7c983e19ac25dff367e870e8c924f239da17/resize(1820,1024,cover,ADdPNihJzmPbNuTnFsH1DqUeqBRpXdSXVVtgJTyDDgscGKrzJuoFjReskjDVZ1oPzGecgpKE4TU2z95zVFTwWYAhk)/source.webp",REGISTRY,NORMALIZED_NAME,
Argo Astronautics,Argo RAFT Wikelo Work Special,ARGO_RAFT_Collector_Indust,ARGO_RAFT_Collector_Indust,,FALLBACK,UNMATCHED,
Argo Astronautics,Argo SRV,ARGO_SRV,ARGO_SRV,"https://robertsspaceindustries.com/i/1d508b10efc1d044d96c19c2120f7b55c09c1f10/resize(1820,1024,cover,ADdPNihJzmPbNuTnFsH1DqUeqBRpXdSXVVtgJTyDDgscGKrzJuoFjReskvzMkR86na9QbqH7S5iyoVoKe6QYJ5fD8)/source.webp",REGISTRY,NORMALIZED_NAME,
Banu,Banu Defender,BANU_Defender,BANU_Defender,"https://robertsspaceindustries.com/i/517c98661fe71f5627dec6ff7fcaed61b0da2da3/resize(1820,1024,cover,ADdPNihJzmPbNuTnFsH1DqUeqBRpXdSXVVtgJTyDDgscGKrzJuoFjResjqYDYeRY8q9ugefhioggnXHfpwouJVn3p)/source.webp",REGISTRY,NORMALIZED_NAME,
Consolidated Outland,C.O. HoverQuad,CNOU_HoverQuad,CNOU_HoverQuad,"https://robertsspaceindustries.com/i/e3df0092087fa6d51c2a49da55dc76169d53ae42/resize(1820,1024,cover,ADdPNihJzmPbNuTnFsH1DqUeqBRpXdSXVVtgJTyDDgscGKrzJuoFjReskqwnrzVEUwLuvjuAagqGwGWYcwadhu4jQ)/source.webp",REGISTRY,NORMALIZED_NAME,
Consolidated Outland,C.O. Mustang Alpha,CNOU_Mustang_Alpha,CNOU_Mustang_Alpha,"https://robertsspaceindustries.com/i/56e5d9360c19539d341a3b50a9a26c808daaf255/resize(1820,1024,cover,ADdPNihJzmPbNuTnFsH1DqUeqBRpXdSXVVtgJTyDDgscGKrzJuoFjResjBFG9qk5KAVGU3wTFxrTvN1xmVan4nf7U)/source.webp",REGISTRY,NORMALIZED_NAME,
Consolidated Outland,C.O. Mustang Beta,CNOU_Mustang_Beta,CNOU_Mustang_Beta,"https://robertsspaceindustries.com/i/350dbb5a00529914c2a50752b9e455000ab41e94/resize(1820,1024,cover,ADdPNihJzmPbNuTnFsH1DqUeqBRpXdSXVVtgJTyDDgscGKrzJuoFjResjGdyC4SvNZEPGqps3S9SJexi4jB6ztz22)/source.webp",REGISTRY,NORMALIZED_NAME,
Consolidated Outland,C.O. Mustang CitizenCon 2948 Edition,CNOU_Mustang_Alpha_CitizenCon2018,CNOU_Mustang_Alpha_CitizenCon2018,,FALLBACK,UNMATCHED,
Consolidated Outland,C.O. Mustang Delta,CNOU_Mustang_Delta,CNOU_Mustang_Delta,"https://robertsspaceindustries.com/i/3a0e3ce4ced9f3767ac5b51c74fdba79d99e7709/resize(1820,1024,cover,ADdPNihJzmPbNuTnFsH1DqUeqBRpXdSXVVtgJTyDDgscGKrzJuoFjResepafddG3GYsbfAVx7hbw9Xwjpyuw5z22a)/source.webp",REGISTRY,NORMALIZED_NAME,
Consolidated Outland,C.O. Mustang Gamma,CNOU_Mustang_Gamma,CNOU_Mustang_Gamma,"https://robertsspaceindustries.com/i/2aea9e952009e457566cd38f1698e4864bdeed37/resize(1820,1024,cover,ADdPNihJzmPbNuTnFsH1DqUeqBRpXdSXVVtgJTyDDgscGKrzJuoFjReseBSrAv4osfDsR17X1NzWhg5MhDW1neGwx)/source.webp",REGISTRY,NORMALIZED_NAME,
Consolidated Outland,C.O. Mustang Omega,CNOU_Mustang_Omega,CNOU_Mustang_Omega,"https://robertsspaceindustries.com/i/f19022ba7a1707ccdb78dcf695f2ef9d9b9b35fd/resize(1820,1024,cover,ADdPNihJzmPbNuTnFsH1DqUeqBRpXdSXVVtgJTyDDgscGKrzJuoFjReskUM4JKzJ9dsqVZzEweh1C1unScWqpchtJ)/source.webp",REGISTRY,NORMALIZED_NAME,
Consolidated Outland,C.O. Nomad,CNOU_Nomad,CNOU_Nomad,"https://robertsspaceindustries.com/i/98e79e8d66280cfbd42ed67c81edfc759a79ec83/resize(1820,1024,cover,ADdPNihJzmPbNuTnFsH1DqUeqBRpXdSXVVtgJTyDDgscGKrzJuoFjResjP6uiDaGZDAiDD1wpjtMms52A8twLXjMQ)/source.webp",REGISTRY,NORMALIZED_NAME,
Crusader,Starlite,starlite,starlite,"https://robertsspaceindustries.com/i/4b55d090cff9c6187184a8b61dc85f5920dcb800/resize(1820,1024,cover,ADdPNihJzmPbNuTnFsH1DqUeqBRpXdSXVVtgJTyDDgscGKrzJuoFjResejDD8DR6RJg56rg7iLsnFCgXVsS6vHmTc)/source.webp",REGISTRY,EXACT_NAME,
Crusader Industries,Crusader A1 Spirit,CRUS_Spirit_A1,CRUS_Spirit_A1,"https://robertsspaceindustries.com/i/8dd23d865543540372922e592bd06196e0cc32ec/resize(1820,1024,cover,ADdPNihJzmPbNuTnFsH1DqUeqBRpXdSXVVtgJTyDDgscGKrzJuoFjResjqeH5Syrkjvs1ARQzHr1K5xByXfMTgZrN)/source.webp",REGISTRY,NORMALIZED_NAME,
Crusader Industries,Crusader A2 Hercules Starlifter,CRUS_Starlifter_A2,CRUS_Starlifter_A2,"https://robertsspaceindustries.com/i/8f68e99ee76f7ab8ae8da725196f32d9a5d61a69/resize(1820,1024,cover,ADdPNihJzmPbNuTnFsH1DqUeqBRpXdSXVVtgJTyDDgscGKrzJuoFjResidY9GU2m2dhad9nWNxb18qK9ZrBf6PhFU)/source.webp",REGISTRY,NORMALIZED_NAME,
Crusader Industries,Crusader A2 Hercules Starlifter Wikelo War Special,CRUS_Starlifter_A2_Collector_Military,CRUS_Starlifter_A2_Collector_Military,,FALLBACK,UNMATCHED,
Crusader Industries,Crusader Ares Star Fighter Inferno,CRUS_Starfighter_Inferno,CRUS_Starfighter_Inferno,"https://robertsspaceindustries.com/i/8ba059daedf99e377a6b4773167364933ec37348/resize(1820,1024,cover,ADdPNihJzmPbNuTnFsH1DqUeqBRpXdSXVVtgJTyDDgscGKrzJuoFjReskPUMphCZRXRAQLjVqV1sqM6EBTAiv9qKc)/source.webp",REGISTRY,NORMALIZED_NAME,
Crusader Industries,Crusader Ares Star Fighter Inferno Wikelo War Special,CRUS_Starfighter_Inferno_Collector_Military,CRUS_Starfighter_Inferno_Collector_Military,,FALLBACK,UNMATCHED,
Crusader Industries,Crusader Ares Star Fighter Ion,CRUS_Starfighter_Ion,CRUS_Starfighter_Ion,"https://robertsspaceindustries.com/i/38f0c5a9561f3f29798207b431326db3a998d0ce/resize(1820,1024,cover,ADdPNihJzmPbNuTnFsH1DqUeqBRpXdSXVVtgJTyDDgscGKrzJuoFjResidZaY5SRiicBUSgjL8oiDCWFUNRcX7Mnv)/source.webp",REGISTRY,NORMALIZED_NAME,
Crusader Industries,Crusader Ares Star Fighter Ion Wikelo Sneak Special ,CRUS_Starfighter_Ion_Collector_Stealth,CRUS_Starfighter_Ion_Collector_Stealth,,FALLBACK,UNMATCHED,
Crusader Industries,Crusader C1 Spirit,CRUS_Spirit_C1,CRUS_Spirit_C1,"https://robertsspaceindustries.com/i/bac6648185eab3ca89a9b859d6092c81fe337587/resize(1820,1024,cover,ADdPNihJzmPbNuTnFsH1DqUeqBRpXdSXVVtgJTyDDgscGKrzJuoFjResjfBqExzNdjFYFntDZSQvoviQmVRUrSXUz)/source.webp",REGISTRY,NORMALIZED_NAME,
Crusader Industries,Crusader C1 Spirit Wikelo Special,CRUS_Spirit_C1_Civilian,CRUS_Spirit_C1_Civilian,,FALLBACK,UNMATCHED,
Crusader Industries,Crusader C2 Hercules Starlifter,CRUS_Starlifter_C2,CRUS_Starlifter_C2,"https://robertsspaceindustries.com/i/387f877bf5aae2c4dc6e32568d621473b5d4d79e/resize(1820,1024,cover,ADdPNihJzmPbNuTnFsH1DqUeqBRpXdSXVVtgJTyDDgscGKrzJuoFjReskpcDUyTPuKfT2cePUz4jof5hYcpd6LjZx)/source.webp",REGISTRY,NORMALIZED_NAME,
Crusader Industries,Crusader Intrepid,CRUS_Intrepid,CRUS_Intrepid,"https://robertsspaceindustries.com/i/f40c300182f77dd980ab6afd98e60fd5392495c2/resize(1820,1024,cover,ADdPNihJzmPbNuTnFsH1DqUeqBRpXdSXVVtgJTyDDgscGKrzJuoFjReseTjyXQamnTyUNx1E4Cd8m3Qux8Q6gA2mL)/source.webp",REGISTRY,NORMALIZED_NAME,
Crusader Industries,Crusader M2 Hercules Starlifter,CRUS_Starlifter_M2,CRUS_Starlifter_M2,"https://robertsspaceindustries.com/i/ecbed3dfd956ca7abe163b3cda1e43784c9d5d53/resize(1820,1024,cover,ADdPNihJzmPbNuTnFsH1DqUeqBRpXdSXVVtgJTyDDgscGKrzJuoFjReseTg8yHWoyFU5ctCYvWz382EoBq77xDmMY)/source.webp",REGISTRY,NORMALIZED_NAME,
Crusader Industries,Crusader Mercury Star Runner,CRUS_Star_Runner,CRUS_Star_Runner,"https://robertsspaceindustries.com/i/968944e4818ed482e8ca891152eec706ce5575ce/resize(1820,1024,cover,ADdPNihJzmPbNuTnFsH1DqUeqBRpXdSXVVtgJTyDDgscGKrzJuoFjReseM2Qd3hg33nVNrZr93SXcfBLpXPPoyseW)/source.webp",REGISTRY,NORMALIZED_NAME,
Drake,Corsair,corsair-imported,DRAK_Corsair,"https://robertsspaceindustries.com/i/f254322de966a6c59fa992181e8fb0cd9922f597/resize(1820,1024,cover,ADdPNihJzmPbNuTnFsH1DqUeqBRpXdSXVVtgJTyDDgscGKrzJuoFjResf1XMP49iifJEdNC1Y2F1c43JdmfwrQHre)/source.webp",REGISTRY,EXACT_NAME,
Drake,Cutlass Black,cutlass-black-imported,DRAK_Cutlass_Black,"https://robertsspaceindustries.com/i/23b7d89ec0b391d6ed79e7169c133ecbce5153b3/resize(1820,1024,cover,ADdPNihJzmPbNuTnFsH1DqUeqBRpXdSXVVtgJTyDDgscGKrzJuoFjReseczedehU6DiyGVBJrQEkLAao6v8XpwcvS)/source.webp",REGISTRY,EXACT_NAME,
Drake,Cutlass Red,cutlass-red,cutlass-red,"https://robertsspaceindustries.com/i/fac734628c93a3bc5163570403de8d6008b22439/resize(1820,1024,cover,ADdPNihJzmPbNuTnFsH1DqUeqBRpXdSXVVtgJTyDDgscGKrzJuoFjReskfBtT1vzYFaw6fbz4Ly8762W5tPFVNwTc)/source.webp",REGISTRY,EXACT_NAME,
Drake,Vulture,vulture,vulture,"https://robertsspaceindustries.com/i/f6db59eb9fab5f42cfea9f996f86dd4036b8d712/resize(1820,1024,cover,ADdPNihJzmPbNuTnFsH1DqUeqBRpXdSXVVtgJTyDDgscGKrzJuoFjReskCvCdRfAMGuDBYzhaECpNCyZZJ4VYpLjp)/source.webp",REGISTRY,EXACT_NAME,
Drake Interplanetary,Drake Buccaneer,DRAK_Buccaneer,DRAK_Buccaneer,"https://robertsspaceindustries.com/i/ce397ce5177b61e3c698eac1667c7982fc0333a0/resize(1820,1024,cover,ADdPNihJzmPbNuTnFsH1DqUeqBRpXdSXVVtgJTyDDgscGKrzJuoFjResezCh7hqEM1ouaaszB9mDc2C9vpC1wGmhp)/source.webp",REGISTRY,NORMALIZED_NAME,
Drake Interplanetary,Drake Caterpillar,DRAK_Caterpillar,DRAK_Caterpillar,"https://robertsspaceindustries.com/i/5d38be418f6393b3a97d5341ddf6dcc866f92048/resize(1820,1024,cover,ADdPNihJzmPbNuTnFsH1DqUeqBRpXdSXVVtgJTyDDgscGKrzJuoFjReseBYkxomy2F5nsE4C5GSarCBzaijFs8Gdk)/source.webp",REGISTRY,NORMALIZED_NAME,
Drake Interplanetary,Drake Caterpillar Pirate,DRAK_Caterpillar_Pirate,DRAK_Caterpillar_Pirate,,FALLBACK,UNMATCHED,
Drake Interplanetary,Drake Clipper,DRAK_Clipper,DRAK_Clipper,"https://robertsspaceindustries.com/i/0a1dfa00589e8928d43a75fc69f10cdaba212ae3/resize(1820,1024,cover,ADdPNihJzmPbNuTnFsH1DqUeqBRpXdSXVVtgJTyDDgscGKrzJuoFjReskdzBZyYCJeJt12AGHtbTGJ4EVBTfcuJLe)/source.webp",REGISTRY,NORMALIZED_NAME,
Drake Interplanetary,Drake Command Module,DRAK_Command_Module,DRAK_Command_Module,,FALLBACK,UNMATCHED,
Drake Interplanetary,Drake Cutlass Blue,DRAK_Cutlass_Blue,DRAK_Cutlass_Blue,"https://robertsspaceindustries.com/i/9b80c3b6ee3520252d93a03a5d62d37dd67db76c/resize(1820,1024,cover,ADdPNihJzmPbNuTnFsH1DqUeqBRpXdSXVVtgJTyDDgscGKrzJuoFjReseNAXvbPq3dAF8iYwuSZSHMTy24T75fkeA)/source.webp",REGISTRY,NORMALIZED_NAME,
Drake Interplanetary,Drake Cutlass Steel,DRAK_Cutlass_Steel,DRAK_Cutlass_Steel,"https://robertsspaceindustries.com/i/61ac64d9c5804064a47bd94e0550ab1499b3cb26/resize(1820,1024,cover,ADdPNihJzmPbNuTnFsH1DqUeqBRpXdSXVVtgJTyDDgscGKrzJuoFjResjk8SgXwmm29ZdPPy1wDcMYUbd9Bq6m2W2)/source.webp",REGISTRY,NORMALIZED_NAME,
Drake Interplanetary,Drake Cutter,DRAK_Cutter,DRAK_Cutter,"https://robertsspaceindustries.com/i/0394ab32c1b435db8eec143ff91ae468f1af4c20/resize(1820,1024,cover,ADdPNihJzmPbNuTnFsH1DqUeqBRpXdSXVVtgJTyDDgscGKrzJuoFjResj5ym2DKsq5cBCWrdebV79wxvB4CrVzUzi)/source.webp",REGISTRY,NORMALIZED_NAME,
Drake Interplanetary,Drake Cutter Rambler,DRAK_Cutter_Rambler,DRAK_Cutter_Rambler,"https://robertsspaceindustries.com/i/b9bc6bb3312e830db0bef2a729917a915668c5b1/resize(1820,1024,cover,ADdPNihJzmPbNuTnFsH1DqUeqBRpXdSXVVtgJTyDDgscGKrzJuoFjResepw8aT4Fei7123y9mJC4z9zyacUBP5Snr)/source.webp",REGISTRY,NORMALIZED_NAME,
Drake Interplanetary,Drake Cutter Scout,DRAK_Cutter_Scout,DRAK_Cutter_Scout,"https://robertsspaceindustries.com/i/857bf4b03b55d8c6caf5dfdf0aaad8f7a990572e/resize(1820,1024,cover,ADdPNihJzmPbNuTnFsH1DqUeqBRpXdSXVVtgJTyDDgscGKrzJuoFjResezCiG492YM3jcP1NHchGCbHDScAAMrK82)/source.webp",REGISTRY,NORMALIZED_NAME,
Drake Interplanetary,Drake Dragonfly,DRAK_Dragonfly,DRAK_Dragonfly,"https://robertsspaceindustries.com/i/4edf9f73028b9bce027a2f99ef05334615b593e0/resize(1820,1024,cover,ADdPNihJzmPbNuTnFsH1DqUeqBRpXdSXVVtgJTyDDgscGKrzJuoFjReskPN4yumMk5nt91UxccBVecfwddqkyqWeJ)/source.webp",REGISTRY,NORMALIZED_NAME,
Drake Interplanetary,Drake Dragonfly Star Kitten,DRAK_Dragonfly_Pink,DRAK_Dragonfly_Pink,,FALLBACK,UNMATCHED,
Drake Interplanetary,Drake Dragonfly Yellowjacket,DRAK_Dragonfly_Yellow,DRAK_Dragonfly_Yellow,"https://robertsspaceindustries.com/i/b19e705177bd3abeaa5a857272d36de996e54b95/resize(1820,1024,cover,ADdPNihJzmPbNuTnFsH1DqUeqBRpXdSXVVtgJTyDDgscGKrzJuoFjResjvnVqTQktakUX1aAFundh4rBxLFZ28g8n)/source.webp",REGISTRY,NORMALIZED_NAME,
Drake Interplanetary,Drake Golem,DRAK_Golem,DRAK_Golem,"https://robertsspaceindustries.com/i/9a1744357e6a391c84bcc9e214bc73de9b5b8539/resize(1820,1024,cover,ADdPNihJzmPbNuTnFsH1DqUeqBRpXdSXVVtgJTyDDgscGKrzJuoFjReskqx8QbDKyKvq57QLarN7q9v5Jm4q5hBWn)/source.webp",REGISTRY,NORMALIZED_NAME,
Drake Interplanetary,Drake Golem OX,DRAK_Golem_OX,DRAK_Golem_OX,"https://robertsspaceindustries.com/i/9d691bd124472c3fa415e32ea09c44613de87952/resize(1820,1024,cover,ADdPNihJzmPbNuTnFsH1DqUeqBRpXdSXVVtgJTyDDgscGKrzJuoFjReskvvn85TqHb5e13wJvTuggwxw45XVqmdZx)/source.webp",REGISTRY,NORMALIZED_NAME,
Drake Interplanetary,Drake Golem Wikelo Work Special,DRAK_Golem_Collector_Indust,DRAK_Golem_Collector_Indust,,FALLBACK,UNMATCHED,
Drake Interplanetary,Drake Herald,DRAK_Herald,DRAK_Herald,"https://robertsspaceindustries.com/i/8632c51efb3ab9c8fdc2cddef7ab0eeca8faaf49/resize(1820,1024,cover,ADdPNihJzmPbNuTnFsH1DqUeqBRpXdSXVVtgJTyDDgscGKrzJuoFjResj21mVS6o1YrzqWhXT7tPnLa7wSa8Z5Cr2)/source.webp",REGISTRY,NORMALIZED_NAME,
Drake Interplanetary,Drake Ironclad,DRAK_Ironclad,DRAK_Ironclad,"https://robertsspaceindustries.com/i/79c2890918f2e461d5efdb5163601adb41ae9798/resize(1820,1024,cover,ADdPNihJzmPbNuTnFsH1DqUeqBRpXdSXVVtgJTyDDgscGKrzJuoFjResjBRnDkC8Kj8kBx7gMqyTifAKL11mBV28n)/source.webp",REGISTRY,NORMALIZED_NAME,
Drake Interplanetary,Drake Ironclad Assault,DRAK_Ironclad_Assault,DRAK_Ironclad_Assault,"https://robertsspaceindustries.com/i/172de807df1bf74970c20598551cee089cc62834/resize(1820,1024,cover,ADdPNihJzmPbNuTnFsH1DqUeqBRpXdSXVVtgJTyDDgscGKrzJuoFjResjevU14S3KdkuyAVKx5Q3ogZ3ZYNvZsqzE)/source.webp",REGISTRY,NORMALIZED_NAME,
Drake Interplanetary,Drake Mule,DRAK_Mule,DRAK_Mule,"https://robertsspaceindustries.com/i/2ba95c78be656fd8f4c16b64c0367405f83fce82/resize(1820,1024,cover,ADdPNihJzmPbNuTnFsH1DqUeqBRpXdSXVVtgJTyDDgscGKrzJuoFjResjZdarzsBbDcn1GYaeu1WNwbzqtAK8bU9C)/source.webp",REGISTRY,NORMALIZED_NAME,
Esperia,Esperia Blade,VNCL_Blade,VNCL_Blade,"https://robertsspaceindustries.com/i/b04d825a1a9581f6aed49a82c9993b9cc4bec858/resize(1820,1024,cover,ADdPNihJzmPbNuTnFsH1DqUeqBRpXdSXVVtgJTyDDgscGKrzJuoFjReseBp7yuysMv26jp9p5LodLWy2NVMYvDzpn)/source.webp",REGISTRY,NORMALIZED_NAME,
Esperia,Esperia Glaive,VNCL_Glaive,VNCL_Glaive,"https://robertsspaceindustries.com/i/fc1d9cc71019ccc212d529c0dd3992bba89a35c3/resize(1820,1024,cover,ADdPNihJzmPbNuTnFsH1DqUeqBRpXdSXVVtgJTyDDgscGKrzJuoFjResjkMe11deKVPSCGJVKnteWRPFAx1t7qwaN)/source.webp",REGISTRY,NORMALIZED_NAME,
Esperia,Esperia Prowler,ESPR_Prowler,ESPR_Prowler,"https://robertsspaceindustries.com/i/7f3bf5d9149c8b966011e50998a8efdf19acb583/resize(1820,1024,cover,ADdPNihJzmPbNuTnFsH1DqUeqBRpXdSXVVtgJTyDDgscGKrzJuoFjResjNqLCYXQvhiupHum3Mu6UnYgMrvnMPs8z)/source.webp",REGISTRY,NORMALIZED_NAME,
Esperia,Esperia Prowler Utility,ESPR_Prowler_Utility,ESPR_Prowler_Utility,"https://robertsspaceindustries.com/i/2955623dbe8739f5d423ad6cd327b400001303c9/resize(1820,1024,cover,ADdPNihJzmPbNuTnFsH1DqUeqBRpXdSXVVtgJTyDDgscGKrzJuoFjResjPJqkqGhW28TSCZajqTSMx4cEmBCqXx3g)/source.webp",REGISTRY,NORMALIZED_NAME,
Esperia,Esperia Prowler Utility Wikelo Work Special,ESPR_Prowler_Utility_Collector_Indust,ESPR_Prowler_Utility_Collector_Indust,,FALLBACK,UNMATCHED,
Esperia,Esperia Talon,ESPR_Talon,ESPR_Talon,"https://robertsspaceindustries.com/i/b65ccb7e424a05c2f0f2fc1a5c488a9cdeeb43f9/resize(1820,1024,cover,ADdPNihJzmPbNuTnFsH1DqUeqBRpXdSXVVtgJTyDDgscGKrzJuoFjResee7KFjLApo7TLv6HYPxWKPfdQBFRWWScW)/source.webp",REGISTRY,NORMALIZED_NAME,
Esperia,Esperia Talon Shrike,ESPR_Talon_Shrike,ESPR_Talon_Shrike,"https://robertsspaceindustries.com/i/f15eeab670096bb3d2b00bfbe7cbae21c633ddcb/resize(1820,1024,cover,ADdPNihJzmPbNuTnFsH1DqUeqBRpXdSXVVtgJTyDDgscGKrzJuoFjReskP6himk2e2VKuzMZPqXMRLUttTqURu3Ca)/source.webp",REGISTRY,NORMALIZED_NAME,
Esperia,Vanduul Scythe,VNCL_Scythe,VNCL_Scythe,"https://robertsspaceindustries.com/i/7f1723a830cbecad82904c64c92b272f397d341a/resize(1820,1024,cover,ADdPNihJzmPbNuTnFsH1DqUeqBRpXdSXVVtgJTyDDgscGKrzJuoFjResjZuSweHytgpsb4fc3t87L1mXJcMGCCVF4)/source.webp",REGISTRY,NORMALIZED_NAME,
Gatac,Railen,railen,railen,"https://robertsspaceindustries.com/i/814fff8c9d31e1cf93ba5efcf80613b48ee17d11/resize(1820,1024,cover,ADdPNihJzmPbNuTnFsH1DqUeqBRpXdSXVVtgJTyDDgscGKrzJuoFjReseTTD86BH2Gw4skew2DH3pUqVeAkxazv2a)/source.webp",REGISTRY,EXACT_NAME,
Gatac Manufacture,Gatac Syulen,GAMA_Syulen,GAMA_Syulen,"https://robertsspaceindustries.com/i/11c4dccf824516cd0fd1231fc1dc25169ddfb1e2/resize(1820,1024,cover,ADdPNihJzmPbNuTnFsH1DqUeqBRpXdSXVVtgJTyDDgscGKrzJuoFjResevDjh8NbxfyAnM6defNpFEAzcGPsCoH9x)/source.webp",REGISTRY,NORMALIZED_NAME,
Gatac Manufacture,Gatac Tyilui,GAMA_Tyilui,GAMA_Tyilui,"https://robertsspaceindustries.com/i/09b0a3491d5a1421486bf7240461baee182c9aa8/resize(1820,1024,cover,ADdPNihJzmPbNuTnFsH1DqUeqBRpXdSXVVtgJTyDDgscGKrzJuoFjResj7G3jRHM4erCJCZ7ARPLZhmgvxFifvJtn)/source.webp",REGISTRY,NORMALIZED_NAME,
Grey's Market,Grey's Shiv,GLSN_Shiv,GLSN_Shiv,"https://robertsspaceindustries.com/i/83496eb7312353e165beff60ddab7e534950beee/resize(1820,1024,cover,ADdPNihJzmPbNuTnFsH1DqUeqBRpXdSXVVtgJTyDDgscGKrzJuoFjReskfNjJxzLeJBQNwz8hZnHvXvcMscGngw4S)/source.webp",REGISTRY,NORMALIZED_NAME,
Greycat Industrial,Greycat MDC,GRIN_MDC,GRIN_MDC,"https://robertsspaceindustries.com/i/91fa76e997d1bda522eea25c0e6db21040e0d0ae/resize(1820,1024,cover,ADdPNihJzmPbNuTnFsH1DqUeqBRpXdSXVVtgJTyDDgscGKrzJuoFjReskP45k9GrJZ4LA7XtBc6VGwea8waPxPGZk)/source.webp",REGISTRY,NORMALIZED_NAME,
Greycat Industrial,Greycat MTC,GRIN_MTC,GRIN_MTC,"https://robertsspaceindustries.com/i/dddfae02ba2ffd422d0fd89888d79b2e46cdbc5f/resize(1820,1024,cover,ADdPNihJzmPbNuTnFsH1DqUeqBRpXdSXVVtgJTyDDgscGKrzJuoFjResjk1FFtkNUvaK2WVK9EWKRHJszuiBF2CFg)/source.webp",REGISTRY,NORMALIZED_NAME,
Greycat Industrial,Greycat PTV,GRIN_PTV,GRIN_PTV,"https://robertsspaceindustries.com/i/229633d3eb47dcb6f98174212101c3f5889f5c1b/resize(1820,1024,cover,ADdPNihJzmPbNuTnFsH1DqUeqBRpXdSXVVtgJTyDDgscGKrzJuoFjResejJxgowdjCH26GobvfhugVXpDwAgduSyt)/source.webp",REGISTRY,NORMALIZED_NAME,
Greycat Industrial,Greycat ROC,GRIN_ROC,GRIN_ROC,"https://robertsspaceindustries.com/i/d61d296bca87d8ee1ec5f320e0a181b635eac966/resize(1820,1024,cover,ADdPNihJzmPbNuTnFsH1DqUeqBRpXdSXVVtgJTyDDgscGKrzJuoFjResjZpg3TvUXzoPPWHyznxuewoEwZYPpvQLe)/source.webp",REGISTRY,NORMALIZED_NAME,
Greycat Industrial,Greycat ROC-DS,GRIN_ROC_DS,GRIN_ROC_DS,"https://robertsspaceindustries.com/i/055eb7e8be37bbbe2762bdf80eed176f623245e1/resize(1820,1024,cover,ADdPNihJzmPbNuTnFsH1DqUeqBRpXdSXVVtgJTyDDgscGKrzJuoFjResf1KiRdFjoqLzFeGUNcHcx8G7544GVQBqg)/source.webp",REGISTRY,NORMALIZED_NAME,
Greycat Industrial,Greycat STV,GRIN_STV,GRIN_STV,"https://robertsspaceindustries.com/i/83719471984714efdde559b6f9e936bcf86845ba/resize(1820,1024,cover,ADdPNihJzmPbNuTnFsH1DqUeqBRpXdSXVVtgJTyDDgscGKrzJuoFjReskCv7m8TiAMkonNjPhXV8R6Hb67RxWnqo4)/source.webp",REGISTRY,NORMALIZED_NAME,
Kruger Intergalactic,Kruger L-21 Wolf,KRIG_L21_Wolf,KRIG_L21_Wolf,"https://robertsspaceindustries.com/i/037324cea60c33e19a6c05ebbf85b97a124596e8/resize(1820,1024,cover,ADdPNihJzmPbNuTnFsH1DqUeqBRpXdSXVVtgJTyDDgscGKrzJuoFjResj21WaUxWbKR9SuaMi6kvW7goytjDLbo58)/source.webp",REGISTRY,NORMALIZED_NAME,
Kruger Intergalactic,Kruger L-21 Wolf Wikelo Sneak Special,KRIG_L21_Wolf_Collector_Stealth,KRIG_L21_Wolf_Collector_Stealth,,FALLBACK,UNMATCHED,
Kruger Intergalactic,Kruger L-21 Wolf Wikelo War Special,KRIG_L21_Wolf_Collector_Military,KRIG_L21_Wolf_Collector_Military,,FALLBACK,UNMATCHED,
Kruger Intergalactic,Kruger L-22 Alpha Wolf,KRIG_L22_AlphaWolf,KRIG_L22_AlphaWolf,"https://robertsspaceindustries.com/i/deddca4440013e52e9db2df4806ad7ab9e7b4812/resize(1820,1024,cover,ADdPNihJzmPbNuTnFsH1DqUeqBRpXdSXVVtgJTyDDgscGKrzJuoFjResivS471eTgnjhZtB5WJnDZYBgSEvw8UDCJ)/source.webp",REGISTRY,NORMALIZED_NAME,
Kruger Intergalactic,Kruger L-22 Alpha Wolf Wikelo War Special,KRIG_L22_AlphaWolf_Collector_Military,KRIG_L22_AlphaWolf_Collector_Military,,FALLBACK,UNMATCHED,
Kruger Intergalactic,Kruger P-52 Merlin,KRIG_P52_Merlin,KRIG_P52_Merlin,"https://robertsspaceindustries.com/i/8dececc4f3eb9aef6528e9787a901282df35efb9/resize(1820,1024,cover,ADdPNihJzmPbNuTnFsH1DqUeqBRpXdSXVVtgJTyDDgscGKrzJuoFjResivhwGVUftNgJ5wypSvobRWnKmXUmmce4E)/source.webp",REGISTRY,NORMALIZED_NAME,
Kruger Intergalactic,Kruger P-72 Archimedes,KRIG_P72_Archimedes,KRIG_P72_Archimedes,"https://robertsspaceindustries.com/i/c4136eb7b9a090dbd6417e2c7cef5b449cb7da85/resize(1820,1024,cover,ADdPNihJzmPbNuTnFsH1DqUeqBRpXdSXVVtgJTyDDgscGKrzJuoFjResev3uj33ZcSyfFgcyVdQoGyjUZdtCF4h4a)/source.webp",REGISTRY,NORMALIZED_NAME,
Kruger Intergalactic,Kruger P-72 Archimedes Emerald,KRIG_P72_Archimedes_Emerald,KRIG_P72_Archimedes_Emerald,"https://robertsspaceindustries.com/i/78add1c57033761d2413a7c433cdb1960d24b24e/resize(1820,1024,cover,ADdPNihJzmPbNuTnFsH1DqUeqBRpXdSXVVtgJTyDDgscGKrzJuoFjResjk9YxDCQdAxLd5gPH21xRodqp28Sj8QMC)/source.webp",REGISTRY,NORMALIZED_NAME,
Mirai,M80,m80,m80,"https://robertsspaceindustries.com/i/cf696d91c715b0c5a8472f896a5bc17c6ddfb2af/resize(1820,1024,cover,ADdPNihJzmPbNuTnFsH1DqUeqBRpXdSXVVtgJTyDDgscGKrzJuoFjResjqVqT85kcsZpHEV6eiFpyd6TUUKqDwvk6)/source.webp",REGISTRY,EXACT_NAME,
Mirai,Mirai Fury,MISC_Fury,MISC_Fury,"https://robertsspaceindustries.com/i/1aeead1c6c8a81986b915ea67f9dc113e5eb1cb1/resize(1820,1024,cover,ADdPNihJzmPbNuTnFsH1DqUeqBRpXdSXVVtgJTyDDgscGKrzJuoFjResjNsitwktGuZ1F2jyemypwgMsPr4K8FxaJ)/source.webp",REGISTRY,NORMALIZED_NAME,
Mirai,Mirai Fury LX,MISC_Fury_LX,MISC_Fury_LX,"https://robertsspaceindustries.com/i/a907809ebb4a81e050de8bc0cca43e28f2f04d09/resize(1820,1024,cover,ADdPNihJzmPbNuTnFsH1DqUeqBRpXdSXVVtgJTyDDgscGKrzJuoFjResipDUniadrxVqFV8Exc6F8gdxmNfxCBMqQ)/source.webp",REGISTRY,NORMALIZED_NAME,
Mirai,Mirai Fury MX,MISC_Fury_Miru,MISC_Fury_Miru,"https://robertsspaceindustries.com/i/8a355f968a9fb8a7a1561f09594de5a53bb520ef/resize(1820,1024,cover,ADdPNihJzmPbNuTnFsH1DqUeqBRpXdSXVVtgJTyDDgscGKrzJuoFjResiedrpVbiTc8HyRzgMr7wjGhHFaUNQBefx)/source.webp",REGISTRY,NORMALIZED_NAME,
Mirai,Mirai Guardian,MRAI_Guardian,MRAI_Guardian,"https://robertsspaceindustries.com/i/478b410c55f539921aa64243ac35830b4df781f8/resize(1820,1024,cover,ADdPNihJzmPbNuTnFsH1DqUeqBRpXdSXVVtgJTyDDgscGKrzJuoFjResjNyeyi5nsV2JkpuiqKNKw4cqRkqD2mEox)/source.webp",REGISTRY,NORMALIZED_NAME,
Mirai,Mirai Guardian MX,MRAI_Guardian_MX,MRAI_Guardian_MX,"https://robertsspaceindustries.com/i/309b117069175079c3ffd10bdd2d049f3ec21109/resize(1820,1024,cover,ADdPNihJzmPbNuTnFsH1DqUeqBRpXdSXVVtgJTyDDgscGKrzJuoFjResizrRM5jTxuTFgo1xHQEuf9mLWkSATDWeJ)/source.webp",REGISTRY,NORMALIZED_NAME,
Mirai,Mirai Guardian MX Wikelo War Special,MRAI_Guardian_MX_Collector_Military,MRAI_Guardian_MX_Collector_Military,,FALLBACK,UNMATCHED,
Mirai,Mirai Guardian QI,MRAI_Guardian_QI,MRAI_Guardian_QI,"https://robertsspaceindustries.com/i/2483ec23739aa394061b277527f6e3e7f5c5f9f7/resize(1820,1024,cover,ADdPNihJzmPbNuTnFsH1DqUeqBRpXdSXVVtgJTyDDgscGKrzJuoFjResj1ndf4manLs7oQb2QBDyvNe2nWg187tCW)/source.webp",REGISTRY,NORMALIZED_NAME,
Mirai,Mirai Guardian QI Wikelo Special,MRAI_Guardian_QI_Collector_Indust,MRAI_Guardian_QI_Collector_Indust,,FALLBACK,UNMATCHED,
Mirai,Mirai Guardian Wikelo War Special,MRAI_Guardian_Military,MRAI_Guardian_Military,,FALLBACK,UNMATCHED,
Mirai,Mirai Pulse,MRAI_Pulse,MRAI_Pulse,"https://robertsspaceindustries.com/i/9eee2b9ab23671035bcab7f3a050655a2c7ce66d/resize(1820,1024,cover,ADdPNihJzmPbNuTnFsH1DqUeqBRpXdSXVVtgJTyDDgscGKrzJuoFjReskUYxVZhzfpkNjYHgySR3bPtREywmuoPXL)/source.webp",REGISTRY,NORMALIZED_NAME,
Mirai,Mirai Pulse LX,MRAI_Pulse_LX,MRAI_Pulse_LX,"https://robertsspaceindustries.com/i/e0a83ce08be9d319d55845d6ef2d718b23f504f5/resize(1820,1024,cover,ADdPNihJzmPbNuTnFsH1DqUeqBRpXdSXVVtgJTyDDgscGKrzJuoFjReseYbE91BCk1S1Rax9rs94PGdy77YWb1tKg)/source.webp",REGISTRY,NORMALIZED_NAME,
Mirai,Mirai Pulse Wikelo Special,MRAI_Pulse_Collector_Civ,MRAI_Pulse_Collector_Civ,,FALLBACK,UNMATCHED,
Mirai,Mirai Razor,MISC_Razor,MISC_Razor,"https://robertsspaceindustries.com/i/05119ac86d6039b68c9c646f4818bbc4d22bb377/resize(1820,1024,cover,ADdPNihJzmPbNuTnFsH1DqUeqBRpXdSXVVtgJTyDDgscGKrzJuoFjReskCv7hJjwnYXcXYGeFkG5AEgr5jvsY61hY)/source.webp",REGISTRY,NORMALIZED_NAME,
Mirai,Mirai Razor EX,MISC_Razor_EX,MISC_Razor_EX,"https://robertsspaceindustries.com/i/bf2b52f15d4d9a58e95d3350a8e985e6ef456d5e/resize(1820,1024,cover,ADdPNihJzmPbNuTnFsH1DqUeqBRpXdSXVVtgJTyDDgscGKrzJuoFjResepoxDo1odgZbP1T6ityiJ87KEdH4JYGC6)/source.webp",REGISTRY,NORMALIZED_NAME,
Mirai,Mirai Razor LX,MISC_Razor_LX,MISC_Razor_LX,"https://robertsspaceindustries.com/i/584ae93b7df23c90b8d1c8ac880b4c0acf7478c5/resize(1820,1024,cover,ADdPNihJzmPbNuTnFsH1DqUeqBRpXdSXVVtgJTyDDgscGKrzJuoFjResjYZbU7YRbY39aKhXriPkhsMyLYc2GruWE)/source.webp",REGISTRY,NORMALIZED_NAME,
MISC,Prospector,prospector,prospector,"https://robertsspaceindustries.com/i/2400ab1c3df122ca6fc1d885bd23534cee75e33f/resize(1820,1024,cover,ADdPNihJzmPbNuTnFsH1DqUeqBRpXdSXVVtgJTyDDgscGKrzJuoFjResepos4wbPX17Jsm7jZA9AnYMPMXZ1WqAyc)/source.webp",REGISTRY,EXACT_NAME,
Musashi Industrial & Starflight Concern,MISC Fortune,MISC_Fortune,MISC_Fortune,"https://robertsspaceindustries.com/i/9bef3b1724f71a08838f376b1fa96e5407ad62dc/resize(1820,1024,cover,ADdPNihJzmPbNuTnFsH1DqUeqBRpXdSXVVtgJTyDDgscGKrzJuoFjReskpZqbdWXd8HG1RfFhL49HBbLmi7dh7Vee)/source.webp",REGISTRY,NORMALIZED_NAME,
Musashi Industrial & Starflight Concern,MISC Fortune Wikelo Special,MISC_Fortune_Collector_Industrial,MISC_Fortune_Collector_Industrial,,FALLBACK,UNMATCHED,
Musashi Industrial & Starflight Concern,MISC Freelancer,MISC_Freelancer,MISC_Freelancer,"https://robertsspaceindustries.com/i/eae94400f321ac79b60801b8f638b59b014596c0/resize(1820,1024,cover,ADdPNihJzmPbNuTnFsH1DqUeqBRpXdSXVVtgJTyDDgscGKrzJuoFjReskumhWA6r5nzPt54RLffKr4yti7fDf58wp)/source.webp",REGISTRY,NORMALIZED_NAME,
Musashi Industrial & Starflight Concern,MISC Freelancer DUR,MISC_Freelancer_DUR,MISC_Freelancer_DUR,"https://robertsspaceindustries.com/i/49129d4e9916265c0325843551f8847756ce967e/resize(1820,1024,cover,ADdPNihJzmPbNuTnFsH1DqUeqBRpXdSXVVtgJTyDDgscGKrzJuoFjResjHjQ9eeqVBo9t4wNhofoBkZk9Sug6dE8n)/source.webp",REGISTRY,NORMALIZED_NAME,
Musashi Industrial & Starflight Concern,MISC Freelancer MAX,MISC_Freelancer_MAX,MISC_Freelancer_MAX,"https://robertsspaceindustries.com/i/c23c58b95e29c3f0ffb1c5173d5239aa5d807990/resize(1820,1024,cover,ADdPNihJzmPbNuTnFsH1DqUeqBRpXdSXVVtgJTyDDgscGKrzJuoFjResjkUnT3YrmhSyyU6ENLFpx76knojsTnvj8)/source.webp",REGISTRY,NORMALIZED_NAME,
Musashi Industrial & Starflight Concern,MISC Freelancer MIS,MISC_Freelancer_MIS,MISC_Freelancer_MIS,"https://robertsspaceindustries.com/i/c51bfec4cc0e06835e221a7948ce37c0c7e4732b/resize(1820,1024,cover,ADdPNihJzmPbNuTnFsH1DqUeqBRpXdSXVVtgJTyDDgscGKrzJuoFjReskqTKQ9TNTVk76eayuSkChr5ez3c36SSp6)/source.webp",REGISTRY,NORMALIZED_NAME,
Musashi Industrial & Starflight Concern,MISC Hull A,MISC_Hull_A,MISC_Hull_A,"https://robertsspaceindustries.com/i/a9ba88708475a069e74c3ebd44840f1568730111/resize(1820,1024,cover,ADdPNihJzmPbNuTnFsH1DqUeqBRpXdSXVVtgJTyDDgscGKrzJuoFjReseTiWv14XfeGqkvh7qGGd8PsbT6CXSrQ9c)/source.webp",REGISTRY,NORMALIZED_NAME,
Musashi Industrial & Starflight Concern,MISC Hull B,MISC_Hull_B,MISC_Hull_B,"https://robertsspaceindustries.com/i/99d96fdd7645655fe468d1e8abd8adee2f41d55a/resize(1820,1024,cover,ADdPNihJzmPbNuTnFsH1DqUeqBRpXdSXVVtgJTyDDgscGKrzJuoFjResjYWtrqicNfAfeCx7Rw15U61TYsubvDxFG)/source.webp",REGISTRY,NORMALIZED_NAME,
Musashi Industrial & Starflight Concern,MISC Hull C,MISC_Hull_C,MISC_Hull_C,"https://robertsspaceindustries.com/i/6e75777fcd9e8bcbae39dd3eb95a759f56a83331/resize(1820,1024,cover,ADdPNihJzmPbNuTnFsH1DqUeqBRpXdSXVVtgJTyDDgscGKrzJuoFjReseBmyghnVEmRQ1qGWVhGUthYBC5hxK5Cb8)/source.webp",REGISTRY,NORMALIZED_NAME,
Musashi Industrial & Starflight Concern,MISC Prospector,MISC_Prospector,MISC_Prospector,,REGISTRY,EXISTING_ALIAS,"Known duplicate of canonical hull ""prospector"" (EWO-038 Task 5) — resolves through that hull's own image at runtime; never edit this row directly, edit ""prospector"" instead. Pending permanent merge under GF-002D."
Musashi Industrial & Starflight Concern,MISC Prospector Wikelo Work Special,MISC_Prospector_Collector_Indust,MISC_Prospector_Collector_Indust,,FALLBACK,UNMATCHED,
Musashi Industrial & Starflight Concern,MISC Reliant Kore,MISC_Reliant,MISC_Reliant,"https://robertsspaceindustries.com/i/ea8fae7b43c8a7bb81b4eb5f64276dffb7b95a2f/resize(1820,1024,cover,ADdPNihJzmPbNuTnFsH1DqUeqBRpXdSXVVtgJTyDDgscGKrzJuoFjReseBjYH9QwVxcVgKCkZxHJedxrQx8RoML7Y)/source.webp",REGISTRY,NORMALIZED_NAME,
Musashi Industrial & Starflight Concern,MISC Reliant Mako,MISC_Reliant_Mako,MISC_Reliant_Mako,"https://robertsspaceindustries.com/i/4fe83bc8bd0ca21b363933b7076f7ecad9e7dbff/resize(1820,1024,cover,ADdPNihJzmPbNuTnFsH1DqUeqBRpXdSXVVtgJTyDDgscGKrzJuoFjReseYhDYcqx9rCA8CHExTvxfzFUwTV8KX6aA)/source.webp",REGISTRY,NORMALIZED_NAME,
Musashi Industrial & Starflight Concern,MISC Reliant Sen,MISC_Reliant_Sen,MISC_Reliant_Sen,"https://robertsspaceindustries.com/i/a0c8760ad893f497848212da9c6ef5cb961d5aee/resize(1820,1024,cover,ADdPNihJzmPbNuTnFsH1DqUeqBRpXdSXVVtgJTyDDgscGKrzJuoFjResivYNEWLCG5JLAJtqdn4Cb7S72x3g5YDhp)/source.webp",REGISTRY,NORMALIZED_NAME,
Musashi Industrial & Starflight Concern,MISC Reliant Tana,MISC_Reliant_Tana,MISC_Reliant_Tana,"https://robertsspaceindustries.com/i/ac002421bd885da62fee1a11ebfe83462d109d9a/resize(1820,1024,cover,ADdPNihJzmPbNuTnFsH1DqUeqBRpXdSXVVtgJTyDDgscGKrzJuoFjReskui898hucVaGeAWgdEYuL85w4WovbbF9G)/source.webp",REGISTRY,NORMALIZED_NAME,
Musashi Industrial & Starflight Concern,MISC Starfarer,MISC_Starfarer,MISC_Starfarer,"https://robertsspaceindustries.com/i/d7cca35b46beb48d4aa013980371233603508c4c/resize(1820,1024,cover,ADdPNihJzmPbNuTnFsH1DqUeqBRpXdSXVVtgJTyDDgscGKrzJuoFjReskeuE137p6bgGaeFYoGULZMUFr7x7b2ztE)/source.webp",REGISTRY,NORMALIZED_NAME,
Musashi Industrial & Starflight Concern,MISC Starfarer Gemini,MISC_Starfarer_Gemini,MISC_Starfarer_Gemini,"https://robertsspaceindustries.com/i/e1e68c92930b8985842f5296f437a725430badab/resize(1820,1024,cover,ADdPNihJzmPbNuTnFsH1DqUeqBRpXdSXVVtgJTyDDgscGKrzJuoFjResipDV185foxRnreqU2TUBknDwpWfUB7q6N)/source.webp",REGISTRY,NORMALIZED_NAME,
Musashi Industrial & Starflight Concern,MISC Starlancer MAX,MISC_Starlancer_Max,MISC_Starlancer_Max,"https://robertsspaceindustries.com/i/70bd03150fd18ccdd3a90791aedd912e00f48aee/resize(1820,1024,cover,ADdPNihJzmPbNuTnFsH1DqUeqBRpXdSXVVtgJTyDDgscGKrzJuoFjResipCJwypqKtuy2Y6vsjsgLF8i1vVmY9EVC)/source.webp",REGISTRY,NORMALIZED_NAME,
Musashi Industrial & Starflight Concern,MISC Starlancer TAC,MISC_Starlancer_TAC,MISC_Starlancer_TAC,"https://robertsspaceindustries.com/i/800c29a211e6ec9ac5ae9573cc867bbe312f8470/resize(1820,1024,cover,ADdPNihJzmPbNuTnFsH1DqUeqBRpXdSXVVtgJTyDDgscGKrzJuoFjResj1w3KASs6Cf5fSBCJYkGF9z5AWrGMdiWJ)/source.webp",REGISTRY,NORMALIZED_NAME,
Musashi Industrial & Starflight Concern,MISC Starlancer TAC Wikelo War Special,MISC_Starlancer_TAC_Collector_Military,MISC_Starlancer_TAC_Collector_Military,,FALLBACK,UNMATCHED,
Musashi Industrial & Starflight Concern,MISC Starlite,MISC_Starlite,MISC_Starlite,,REGISTRY,EXISTING_ALIAS,"Known duplicate of canonical hull ""starlite"" (EWO-038 Task 5) — resolves through that hull's own image at runtime; never edit this row directly, edit ""starlite"" instead. Pending permanent merge under GF-002D."
Origin,135c,135c,135c,"https://robertsspaceindustries.com/i/d82a70ea48ad88833fe5628c57d70b3b120c7940/resize(910,512,cover,ADdPNihJzmPbNuTnFsH1DqUeqBRpXdSXVVtgJTyDDgscGKrzJuoFjResj7MzgYTNGKKhv6Hd1NXeTyZyYemNiKSyt)/source.webp",REGISTRY,EXACT_NAME,
Origin Jumpworks,Origin 100i,ORIG_100i,ORIG_100i,"https://robertsspaceindustries.com/i/7f9004f2c94c4156d17c76945d93da1a9166f4cb/resize(910,512,cover,ADdPNihJzmPbNuTnFsH1DqUeqBRpXdSXVVtgJTyDDgscGKrzJuoFjResjvfQvZTLBeqr7nxsoca56jsfVMy1KQ5YS)/source.webp",REGISTRY,NORMALIZED_NAME,
Origin Jumpworks,Origin 125a,ORIG_125a,ORIG_125a,"https://robertsspaceindustries.com/i/4edda30724031a5f9d8bd270d13f83e92814a058/resize(910,512,cover,ADdPNihJzmPbNuTnFsH1DqUeqBRpXdSXVVtgJTyDDgscGKrzJuoFjResizfriBj3nFqAvDHZZ7vuSG3tmn1HdLmoL)/source.webp",REGISTRY,NORMALIZED_NAME,
Origin Jumpworks,Origin 300i,ORIG_300i,ORIG_300i,"https://robertsspaceindustries.com/i/83865eedb618a5d2b0cb32e517cf46e7349fb1d6/resize(910,512,cover,ADdPNihJzmPbNuTnFsH1DqUeqBRpXdSXVVtgJTyDDgscGKrzJuoFjReseTbcEcvfVXUA2L4LQquCBv3XRgSGhs5Zg)/source.webp",REGISTRY,NORMALIZED_NAME,
Origin Jumpworks,Origin 315p,ORIG_315p,ORIG_315p,"https://robertsspaceindustries.com/i/0c33cf326d2d140c2103355c1015a8c5cb638ec3/resize(910,512,cover,ADdPNihJzmPbNuTnFsH1DqUeqBRpXdSXVVtgJTyDDgscGKrzJuoFjReskP39C2qja4a1SCcPpLtdNcx7BhDJFUZmx)/source.webp",REGISTRY,NORMALIZED_NAME,
Origin Jumpworks,Origin 325a,ORIG_325a,ORIG_325a,"https://robertsspaceindustries.com/i/5de627d4948ba4767cb81eff709a5c241ba9b1e9/resize(910,512,cover,ADdPNihJzmPbNuTnFsH1DqUeqBRpXdSXVVtgJTyDDgscGKrzJuoFjReskJ23FWYyJEzadrDtKz87mfAEoQDHWvg2S)/source.webp",REGISTRY,NORMALIZED_NAME,
Origin Jumpworks,Origin 350r,ORIG_350r,ORIG_350r,"https://robertsspaceindustries.com/i/c53b0b87bd3e60484b0e2b5630dfdf99be81de11/resize(910,512,cover,ADdPNihJzmPbNuTnFsH1DqUeqBRpXdSXVVtgJTyDDgscGKrzJuoFjResjqRzd4VcczH8KK3H3SAgsMrj6ExxrMpge)/source.webp",REGISTRY,NORMALIZED_NAME,
Origin Jumpworks,Origin 400i,ORIG_400i,ORIG_400i,"https://robertsspaceindustries.com/i/9d14626a2e20de191de73a4b3343b14141df9647/resize(910,512,cover,ADdPNihJzmPbNuTnFsH1DqUeqBRpXdSXVVtgJTyDDgscGKrzJuoFjReskjDaVPsYfVMpaEXu82p8NG94e9gDqqSYW)/source.webp",REGISTRY,NORMALIZED_NAME,
Origin Jumpworks,Origin 600i,ORIG_600i,ORIG_600i,"https://robertsspaceindustries.com/i/bbfd42b3a1a3c30b170da468a56e2ffaec6980e9/resize(1820,1024,cover,ADdPNihJzmPbNuTnFsH1DqUeqBRpXdSXVVtgJTyDDgscGKrzJuoFjResjqeFfVoF43f38XfD8N5eYmrHRC4QsX4aJ)/source.webp",REGISTRY,NORMALIZED_NAME,
Origin Jumpworks,Origin 600i Executive Edition,ORIG_600i_Executive_Edition,ORIG_600i_Executive_Edition,,FALLBACK,UNMATCHED,
Origin Jumpworks,Origin 600i Touring,ORIG_600i_Touring,ORIG_600i_Touring,"https://robertsspaceindustries.com/i/de53d42668b4661de434772e8b494046dae3cdf7/resize(1820,1024,cover,ADdPNihJzmPbNuTnFsH1DqUeqBRpXdSXVVtgJTyDDgscGKrzJuoFjReseiKhuNbUh3JWvLgcSm4Ly5DZPG3eT58cW)/source.webp",REGISTRY,NORMALIZED_NAME,
Origin Jumpworks,Origin 85X Limited,ORIG_85X,ORIG_85X,"https://robertsspaceindustries.com/i/2959cc931701412648c847748a5d97a8651aa952/resize(1820,1024,cover,ADdPNihJzmPbNuTnFsH1DqUeqBRpXdSXVVtgJTyDDgscGKrzJuoFjReskHxChGNu1HG6cPCRZexaQfXYVmoySwLYv)/source.webp",REGISTRY,NORMALIZED_NAME,
Origin Jumpworks,Origin 890 Jump,ORIG_890Jump,ORIG_890Jump,"https://robertsspaceindustries.com/i/285d258ad5d533e7e336aa939edf4d78ca5b2678/resize(1820,1024,cover,ADdPNihJzmPbNuTnFsH1DqUeqBRpXdSXVVtgJTyDDgscGKrzJuoFjReskN2PtGhQ7i1JD7RWFivT3dm996DXRrinA)/source.webp",REGISTRY,NORMALIZED_NAME,
Origin Jumpworks,Origin M50 Interceptor,ORIG_m50,ORIG_m50,"https://robertsspaceindustries.com/i/e0062c938a2ffa682add6487ae5fbc08bd3b825a/resize(1820,1024,cover,ADdPNihJzmPbNuTnFsH1DqUeqBRpXdSXVVtgJTyDDgscGKrzJuoFjResjdq3VgKwWzxooVmKzNtgdz9hjcfMTo7hp)/source.webp",REGISTRY,NORMALIZED_NAME,
Origin Jumpworks,Origin X1,ORIG_X1,ORIG_X1,"https://robertsspaceindustries.com/i/5531aa5b4cf8e23bb63cb022c7fd96aa52969bf2/resize(1820,1024,cover,ADdPNihJzmPbNuTnFsH1DqUeqBRpXdSXVVtgJTyDDgscGKrzJuoFjResivVsrT8pzuovGhXT7zanNabvsfrnWWCva)/source.webp",REGISTRY,NORMALIZED_NAME,
Origin Jumpworks,Origin X1 Force,ORIG_X1_Force,ORIG_X1_Force,"https://robertsspaceindustries.com/i/b1c0dfdd52a2109212f2fb75f7b4858478be38ac/resize(1820,1024,cover,ADdPNihJzmPbNuTnFsH1DqUeqBRpXdSXVVtgJTyDDgscGKrzJuoFjReseusSXDtvSBjxdocA2g6Ez4HhNebQUh3bU)/source.webp",REGISTRY,NORMALIZED_NAME,
Origin Jumpworks,Origin X1 Velocity,ORIG_X1_Velocity,ORIG_X1_Velocity,"https://robertsspaceindustries.com/i/f58332a149193707cfa426929bc8cb24b1d8e49e/resize(1820,1024,cover,ADdPNihJzmPbNuTnFsH1DqUeqBRpXdSXVVtgJTyDDgscGKrzJuoFjResiqcxsnFYbJE1tt1iwvYYfHh9gG6fs5s1Y)/source.webp",REGISTRY,NORMALIZED_NAME,
Roberts Space Industries,RSI Apollo Medivac,RSI_Apollo_Medivac,RSI_Apollo_Medivac,"https://robertsspaceindustries.com/i/f1f6cfcf6a0e1727ff6384ec8d4a41b56c4f19f1/resize(1820,1024,cover,ADdPNihJzmPbNuTnFsH1DqUeqBRpXdSXVVtgJTyDDgscGKrzJuoFjReskGqmqTJ5KSQvunQtqCc1bKDiTMYMHJ31x)/source.webp",REGISTRY,NORMALIZED_NAME,
Roberts Space Industries,RSI Apollo Triage,RSI_Apollo_Triage,RSI_Apollo_Triage,"https://robertsspaceindustries.com/i/5be97c785801aad485101653aff20d587fa66725/resize(1820,1024,cover,ADdPNihJzmPbNuTnFsH1DqUeqBRpXdSXVVtgJTyDDgscGKrzJuoFjReseGytXKJM7qV2ksMdJL29f5yVDK18S6uFt)/source.webp",REGISTRY,NORMALIZED_NAME,
Roberts Space Industries,RSI Apollo Triage Wikelo Sneak Special,RSI_Apollo_Triage_Collector_Stealth,RSI_Apollo_Triage_Collector_Stealth,,FALLBACK,UNMATCHED,
Roberts Space Industries,RSI Aurora Mk I  LX,RSI_Aurora_GS_LX,RSI_Aurora_GS_LX,"https://robertsspaceindustries.com/i/eff39676d2ba25b9ffd1ce285628a47e80b2b09e/resize(910,512,cover,ADdPNihJzmPbNuTnFsH1DqUeqBRpXdSXVVtgJTyDDgscGKrzJuoFjReseMB2HqJCrzVi7n4jWa6RKuX86vHhuoXYz)/source.webp",REGISTRY,NORMALIZED_NAME,
Roberts Space Industries,RSI Aurora Mk I CL,RSI_Aurora_GS_CL,RSI_Aurora_GS_CL,"https://robertsspaceindustries.com/i/0114f0fb9054675e89892c020aa657a4f3a4a641/resize(910,512,cover,ADdPNihJzmPbNuTnFsH1DqUeqBRpXdSXVVtgJTyDDgscGKrzJuoFjReskqUURXDz5coswxJaMxGf2h8orXrGu2nPG)/source.webp",REGISTRY,NORMALIZED_NAME,
Roberts Space Industries,RSI Aurora Mk I ES,RSI_Aurora_GS_ES,RSI_Aurora_GS_ES,"https://robertsspaceindustries.com/i/e58de32282770d79c8b1fb29c7b552a199cc18a0/resize(910,512,cover,ADdPNihJzmPbNuTnFsH1DqUeqBRpXdSXVVtgJTyDDgscGKrzJuoFjResizh6NGvSRpmsGJPtnccvGjhWyiFtTQvuL)/source.webp",REGISTRY,NORMALIZED_NAME,
Roberts Space Industries,RSI Aurora Mk I LN,RSI_Aurora_GS_LN,RSI_Aurora_GS_LN,"https://robertsspaceindustries.com/i/814e36cadcd3e7e033883e05dcdadc79d48193fe/resize(910,512,cover,ADdPNihJzmPbNuTnFsH1DqUeqBRpXdSXVVtgJTyDDgscGKrzJuoFjResivY4o9xKVqqAGGCE6ubE9VzqjrDgYVkEz)/source.webp",REGISTRY,NORMALIZED_NAME,
Roberts Space Industries,RSI Aurora Mk I MR,RSI_Aurora_GS_MR,RSI_Aurora_GS_MR,"https://robertsspaceindustries.com/i/c7133ae8a8e3da0f6a81840978d7d55cac5429a2/resize(910,512,cover,ADdPNihJzmPbNuTnFsH1DqUeqBRpXdSXVVtgJTyDDgscGKrzJuoFjResjZaFtjXh6njsETbS8KcP6T4B6ah7yTRUS)/source.webp",REGISTRY,NORMALIZED_NAME,
Roberts Space Industries,RSI Aurora Mk I SE,RSI_Aurora_GS_SE,RSI_Aurora_GS_SE,"https://robertsspaceindustries.com/i/d3d47e4ab428318e1d7d4957e50439fde975428e/resize(1820,1024,cover,ADdPNihJzmPbNuTnFsH1DqUeqBRpXdSXVVtgJTyDDgscGKrzJuoFjReskUYyKYXsaX9q5qr2tar2eJR6uDsauezUW)/source.webp",REGISTRY,NORMALIZED_NAME,
Roberts Space Industries,RSI Aurora Mk II,RSI_Aurora_Mk2,RSI_Aurora_Mk2,"https://robertsspaceindustries.com/i/c46396ff5712653d2ba61f685a3a46ad82fe47cc/resize(910,512,cover,ADdPNihJzmPbNuTnFsH1DqUeqBRpXdSXVVtgJTyDDgscGKrzJuoFjReskCZWkFFmT8GizYVjNCLrLANTnxxhrj9Qr)/source.webp",REGISTRY,NORMALIZED_NAME,
Roberts Space Industries,RSI Constellation Andromeda,RSI_Constellation_Andromeda,RSI_Constellation_Andromeda,"https://robertsspaceindustries.com/i/0fbfee17b2bae365cd5ab9e7d9441c1eb9b2196f/resize(1820,1024,cover,ADdPNihJzmPbNuTnFsH1DqUeqBRpXdSXVVtgJTyDDgscGKrzJuoFjReskj9ttp7XXgtHcy38CS9NBZHAKXeVYNAKQ)/source.webp",REGISTRY,NORMALIZED_NAME,
Roberts Space Industries,RSI Constellation Aquila,RSI_Constellation_Aquila,RSI_Constellation_Aquila,"https://robertsspaceindustries.com/i/fcfd1ae05d35f21bd3fa6d72042d9f5744279dc2/resize(1820,1024,cover,ADdPNihJzmPbNuTnFsH1DqUeqBRpXdSXVVtgJTyDDgscGKrzJuoFjReskTHwgUVJoAa33Yovz7yaSJ1DKCRaxmBoc)/source.webp",REGISTRY,NORMALIZED_NAME,
Roberts Space Industries,RSI Constellation Phoenix,RSI_Constellation_Phoenix,RSI_Constellation_Phoenix,"https://robertsspaceindustries.com/i/de12bc2d0869631061515afcb4d0faab4268c67b/resize(1820,1024,cover,ADdPNihJzmPbNuTnFsH1DqUeqBRpXdSXVVtgJTyDDgscGKrzJuoFjResjUL2eASUiAi8vcmYQ2MGKTpPxWxMSR3Jv)/source.webp",REGISTRY,NORMALIZED_NAME,
Roberts Space Industries,RSI Constellation Phoenix Emerald,RSI_Constellation_Phoenix_Emerald,RSI_Constellation_Phoenix_Emerald,"https://robertsspaceindustries.com/i/0de3a7751934fa99af9f97b82f213264dc48564f/resize(1820,1024,cover,ADdPNihJzmPbNuTnFsH1DqUeqBRpXdSXVVtgJTyDDgscGKrzJuoFjResipDjw3i1JRppQ6EUgPvJD8WH4SsnGnzrr)/source.webp",REGISTRY,NORMALIZED_NAME,
Roberts Space Industries,RSI Constellation Taurus,RSI_Constellation_Taurus,RSI_Constellation_Taurus,"https://robertsspaceindustries.com/i/30976bbcf88aef9986e8eeebae4a208100b8088a/resize(1820,1024,cover,ADdPNihJzmPbNuTnFsH1DqUeqBRpXdSXVVtgJTyDDgscGKrzJuoFjResjkS7XpkFPAkxxXZWS9prx9VUShxcyG3p2)/source.webp",REGISTRY,NORMALIZED_NAME,
Roberts Space Industries,RSI Constellation Taurus Wikelo War Special,RSI_Constellation_Taurus_Military,RSI_Constellation_Taurus_Military,,FALLBACK,UNMATCHED,
Roberts Space Industries,RSI Hermes,RSI_Hermes,RSI_Hermes,"https://robertsspaceindustries.com/i/761fdbdce3185a8656d0bd68e7d52add8780728b/resize(1820,1024,cover,ADdPNihJzmPbNuTnFsH1DqUeqBRpXdSXVVtgJTyDDgscGKrzJuoFjResjfAeaU4TWFf3CESU2jzn6jRiAFDA6vV6W)/source.webp",REGISTRY,NORMALIZED_NAME,
Roberts Space Industries,RSI Lynx,RSI_Lynx,RSI_Lynx,"https://robertsspaceindustries.com/i/954a1426939292a4e7aeb6aa3089562abd3e2c3f/resize(1820,1024,cover,ADdPNihJzmPbNuTnFsH1DqUeqBRpXdSXVVtgJTyDDgscGKrzJuoFjResjj6VNDqWaXXDRPKHA57vY6TZ2WCvwXZin)/source.webp",REGISTRY,NORMALIZED_NAME,
Roberts Space Industries,RSI Mantis,RSI_Mantis,RSI_Mantis,"https://robertsspaceindustries.com/i/bae32e21338b5dd958fbf9b8ae516b8306c20d17/resize(1820,1024,cover,ADdPNihJzmPbNuTnFsH1DqUeqBRpXdSXVVtgJTyDDgscGKrzJuoFjResjvhkJQG2Y479fwUAWMsuScdWNqgyWMtVt)/source.webp",REGISTRY,NORMALIZED_NAME,
Roberts Space Industries,RSI Meteor,RSI_Meteor,RSI_Meteor,"https://robertsspaceindustries.com/i/7e690bc04bfb59a9d2ee0e6d5c28102fc9b12bbe/resize(1820,1024,cover,ADdPNihJzmPbNuTnFsH1DqUeqBRpXdSXVVtgJTyDDgscGKrzJuoFjReskpRTAcUsSFGgN36fmGpUihpCzS388kP8r)/source.webp",REGISTRY,NORMALIZED_NAME,
Roberts Space Industries,RSI Meteor PYAM Exec,RSI_Meteor_Collector_Military,RSI_Meteor_Collector_Military,,FALLBACK,UNMATCHED,
Roberts Space Industries,RSI Meteor Wikelo Sneak Special,RSI_Meteor_Collector_Stealth,RSI_Meteor_Collector_Stealth,,FALLBACK,UNMATCHED,
Roberts Space Industries,RSI Perseus,RSI_Perseus,RSI_Perseus,"https://robertsspaceindustries.com/i/78e2a9e7ea9067314be83fd9057949496b48c1c1/resize(1820,1024,cover,ADdPNihJzmPbNuTnFsH1DqUeqBRpXdSXVVtgJTyDDgscGKrzJuoFjReseHFRPfQtzPkgVSiq2SXDbBKM2vp5SvuoL)/source.webp",REGISTRY,NORMALIZED_NAME,
Roberts Space Industries,RSI Polaris,RSI_Polaris,RSI_Polaris,"https://robertsspaceindustries.com/i/8ae451b8e7c2f23574df93fbac8a5dc94df688fb/resize(1820,1024,cover,ADdPNihJzmPbNuTnFsH1DqUeqBRpXdSXVVtgJTyDDgscGKrzJuoFjResjvdsuj4E1TBxYPCwNKBaHDZUcJ54bNLc6)/source.webp",REGISTRY,NORMALIZED_NAME,
Roberts Space Industries,RSI Salvation,RSI_Salvation,RSI_Salvation,"https://robertsspaceindustries.com/i/a0eb12e661ae1fe6ae7d2bba68d808b0e37fc4b4/resize(1820,1024,cover,ADdPNihJzmPbNuTnFsH1DqUeqBRpXdSXVVtgJTyDDgscGKrzJuoFjResepsDgaUQ5J3cukigDedHMktGzghD5k3Ev)/source.webp",REGISTRY,NORMALIZED_NAME,
Roberts Space Industries,RSI Scorpius,RSI_Scorpius,RSI_Scorpius,"https://robertsspaceindustries.com/i/3e91bdb7e1292eb7d8f07b87073b616f6c08355d/resize(1820,1024,cover,ADdPNihJzmPbNuTnFsH1DqUeqBRpXdSXVVtgJTyDDgscGKrzJuoFjResepsDwQ9u3J1woX35mi3qGoXbvfB38svXg)/source.webp",REGISTRY,NORMALIZED_NAME,
Roberts Space Industries,RSI Scorpius Antares,RSI_Scorpius_Antares,RSI_Scorpius_Antares,"https://robertsspaceindustries.com/i/086a250b405bd1cda9ca40831a0ead40d38c48c7/resize(1820,1024,cover,ADdPNihJzmPbNuTnFsH1DqUeqBRpXdSXVVtgJTyDDgscGKrzJuoFjResjNrErHqkcicxt9k7X9SsCAMJUprHF2BQ2)/source.webp",REGISTRY,NORMALIZED_NAME,
Roberts Space Industries,RSI Scorpius Wikelo Sneak Special,RSI_Scorpius_Stealth,RSI_Scorpius_Stealth,,FALLBACK,UNMATCHED,
Roberts Space Industries,RSI Ursa,RSI_Ursa_Rover,RSI_Ursa_Rover,"https://robertsspaceindustries.com/i/1baa93c6a56786b022de6b46c1a8c33fa36da6b6/resize(1820,1024,cover,ADdPNihJzmPbNuTnFsH1DqUeqBRpXdSXVVtgJTyDDgscGKrzJuoFjReseM3uUcugp2674rcRWSAagpPVa9SbEyUCE)/source.webp",REGISTRY,NORMALIZED_NAME,
Roberts Space Industries,RSI Ursa Fortuna,RSI_Ursa_Rover_Emerald,RSI_Ursa_Rover_Emerald,"https://robertsspaceindustries.com/i/f241eb36893fa3087a842300f67127f7a433280a/resize(1820,1024,cover,ADdPNihJzmPbNuTnFsH1DqUeqBRpXdSXVVtgJTyDDgscGKrzJuoFjResjBNBJ23W3mEG8ozoUYXBJqa5UXbB8Xogz)/source.webp",REGISTRY,NORMALIZED_NAME,
Roberts Space Industries,RSI Ursa Medivac,RSI_Ursa_Medivac,RSI_Ursa_Medivac,"https://robertsspaceindustries.com/i/7177fdf4329241bb2d8044b251fcd6dfc5d74471/resize(1820,1024,cover,ADdPNihJzmPbNuTnFsH1DqUeqBRpXdSXVVtgJTyDDgscGKrzJuoFjResjvsLRSijAMMuZfA8ftRteoWX5YYcnQty4)/source.webp",REGISTRY,NORMALIZED_NAME,
Roberts Space Industries,RSI Ursa Medivac Wikelo Special,RSI_Ursa_Medivac_Stealth,RSI_Ursa_Medivac_Stealth,,FALLBACK,UNMATCHED,
Roberts Space Industries,RSI Zeus Mk II CL,RSI_Zeus_CL,RSI_Zeus_CL,"https://robertsspaceindustries.com/i/9332b99fd192960b05497cecb4d67dc5dd88e124/resize(1820,1024,cover,ADdPNihJzmPbNuTnFsH1DqUeqBRpXdSXVVtgJTyDDgscGKrzJuoFjResik2cJboaCTxvZPtFzgLFGe7nq45MrKFVx)/source.webp",REGISTRY,NORMALIZED_NAME,
Roberts Space Industries,RSI Zeus Mk II ES,RSI_Zeus_ES,RSI_Zeus_ES,"https://robertsspaceindustries.com/i/201b16305598b3f101d78f2cf0f3bbeea5c5fd5f/resize(1820,1024,cover,ADdPNihJzmPbNuTnFsH1DqUeqBRpXdSXVVtgJTyDDgscGKrzJuoFjResivuuXPahoRKgQLW5h1aBypfa8P8Hap7Zg)/source.webp",REGISTRY,NORMALIZED_NAME,
Tumbril,UTV,utv,utv,"https://robertsspaceindustries.com/i/6850056c708a832e12dcac0a609a80ff117b36d3/resize(1820,1024,cover,ADdPNihJzmPbNuTnFsH1DqUeqBRpXdSXVVtgJTyDDgscGKrzJuoFjReskJE1T9BunBTYn6VhoGBSdx864i1EELch4)/source.webp",REGISTRY,EXACT_NAME,
Tumbril Land Systems,Tumbril Cyclone,TMBL_Cyclone,TMBL_Cyclone,"https://robertsspaceindustries.com/i/90ee2ba95dfca0184aa3a1aa948db503dd2174f8/resize(1820,1024,cover,ADdPNihJzmPbNuTnFsH1DqUeqBRpXdSXVVtgJTyDDgscGKrzJuoFjReskZg8zCsGLYa78po64VaYqfsbxjnkciD9p)/source.webp",REGISTRY,NORMALIZED_NAME,
Tumbril Land Systems,Tumbril Cyclone AA,TMBL_Cyclone_AA,TMBL_Cyclone_AA,"https://robertsspaceindustries.com/i/8076b3936abd56c5909191a8f450287f63fa22c4/resize(1820,1024,cover,ADdPNihJzmPbNuTnFsH1DqUeqBRpXdSXVVtgJTyDDgscGKrzJuoFjResf1QQPcJ8reL5taVHdPd12jHTinHiBkZLa)/source.webp",REGISTRY,NORMALIZED_NAME,
Tumbril Land Systems,Tumbril Cyclone MT,TMBL_Cyclone_MT,TMBL_Cyclone_MT,"https://robertsspaceindustries.com/i/e078279a4adc38c2427c14aa8b6b599232a03bd9/resize(1820,1024,cover,ADdPNihJzmPbNuTnFsH1DqUeqBRpXdSXVVtgJTyDDgscGKrzJuoFjReska4sF4Jmjthby3oaWfcGp3RAXZ2sXnnfG)/source.webp",REGISTRY,NORMALIZED_NAME,
Tumbril Land Systems,Tumbril Cyclone RC,TMBL_Cyclone_RC,TMBL_Cyclone_RC,"https://robertsspaceindustries.com/i/1d773625ba8047879f39f6dbac1d2d3c80466877/resize(1820,1024,cover,ADdPNihJzmPbNuTnFsH1DqUeqBRpXdSXVVtgJTyDDgscGKrzJuoFjResepucMVaYKd2nZAKmJ9a9UQ9PC9TKzeEeS)/source.webp",REGISTRY,NORMALIZED_NAME,
Tumbril Land Systems,Tumbril Cyclone RN,TMBL_Cyclone_RN,TMBL_Cyclone_RN,"https://robertsspaceindustries.com/i/34660754908d54903e9a25325d181f248c1a67d7/resize(1820,1024,cover,ADdPNihJzmPbNuTnFsH1DqUeqBRpXdSXVVtgJTyDDgscGKrzJuoFjResf17RScbHmhZMW5NVt2e2sixTQaHNZYva2)/source.webp",REGISTRY,NORMALIZED_NAME,
Tumbril Land Systems,Tumbril Cyclone TR,TMBL_Cyclone_TR,TMBL_Cyclone_TR,"https://robertsspaceindustries.com/i/2cd0f0ef302a104e9049f8580ecc6247295a82f6/resize(1820,1024,cover,ADdPNihJzmPbNuTnFsH1DqUeqBRpXdSXVVtgJTyDDgscGKrzJuoFjResjHeMX4KQtubs1ft9UxmncipirctWZtmSv)/source.webp",REGISTRY,NORMALIZED_NAME,
Tumbril Land Systems,Tumbril Nova,TMBL_Nova,TMBL_Nova,"https://robertsspaceindustries.com/i/2db9fbed233bbd51205c211f1598543a1137e302/resize(1820,1024,cover,ADdPNihJzmPbNuTnFsH1DqUeqBRpXdSXVVtgJTyDDgscGKrzJuoFjReseiLgxb3pQ5gbyGvNcvnTjqpEMtxrbTXzv)/source.webp",REGISTRY,NORMALIZED_NAME,
Tumbril Land Systems,Tumbril Storm,TMBL_Storm,TMBL_Storm,"https://robertsspaceindustries.com/i/3c27118370850da85be980fcecee69364478bcec/resize(1820,1024,cover,ADdPNihJzmPbNuTnFsH1DqUeqBRpXdSXVVtgJTyDDgscGKrzJuoFjResjZs3i5kt5DoxmQ2RRvx2Rh1Dezpgf52Rt)/source.webp",REGISTRY,NORMALIZED_NAME,
Tumbril Land Systems,Tumbril Storm AA,TMBL_Storm_AA,TMBL_Storm_AA,"https://robertsspaceindustries.com/i/a3ea607a296776a50e8f189013378cb457d0dd89/resize(1820,1024,cover,ADdPNihJzmPbNuTnFsH1DqUeqBRpXdSXVVtgJTyDDgscGKrzJuoFjReskjDGacoXYF6GFUBSrXQAXTc1eFVeygQZt)/source.webp",REGISTRY,NORMALIZED_NAME,
Vanduul,Esperia Stinger,VNCL_Stinger,VNCL_Stinger,"https://robertsspaceindustries.com/i/b2f8b086cc61ac9c2e40e09c658f63de5f29eb46/resize(1820,1024,cover,ADdPNihJzmPbNuTnFsH1DqUeqBRpXdSXVVtgJTyDDgscGKrzJuoFjResez2CtFBN1YkRt75RVmywMMHH1x96XLaUn)/source.webp",REGISTRY,NORMALIZED_NAME,
Vanduul,Vanduul Mauler Destroyer,VNCL_Mauler,VNCL_Mauler,,FALLBACK,UNMATCHED,
